时间,用户1,用户2,用户3,用户4,用户5,用户6,用户7,用户8,用户9,用户10,用户11,用户12,用户13,用户14,用户15,用户16,用户17,用户18,用户19,用户20,用户21,用户22,用户23,用户24,用户25,用户26,用户27,用户28,用户29,用户30,用户31,用户32,用户33,用户34,用户35,用户36,用户37,用户38,用户39,用户40,用户41,用户42,用户43,用户44,用户45,用户46,用户47,用户48,用户49,用户50,用户51,用户52,用户53,用户54,用户55,用户56,用户57,用户58,用户59,用户60,用户61,用户62,用户63,用户64,用户65,用户66,用户67,用户68,用户69,用户70,用户71,用户72,用户73,用户74,用户75,用户76,用户77,用户78,用户79,用户80,用户81,用户82,用户83,用户84,用户85,用户86,用户87,用户88,用户89,用户90,用户91,用户92,用户93,用户94,用户95,用户96,用户97,用户98,用户99,用户100,用户101,用户102,用户103,用户104,用户105,用户106,用户107,用户108,用户109,用户110,用户111,用户112,用户113,用户114,用户115,用户116,用户117,用户118,用户119,用户120,用户121,用户122,用户123,用户124,用户125,用户126,用户127,用户128,用户129,用户130,用户131,用户132,用户133,用户134,用户135,用户136,损失电量(kW·h)
2020/4/1,168.30 ,90.90 ,176.10 ,215.70 ,323.20 ,381.00 ,724.80 ,282.90 ,110.70 ,122.10 ,380.10 ,218.10 ,4.20 ,2179.20 ,424.80 ,661.60 ,970.40 ,232.80 ,276.90 ,147.30 ,379.65 ,354.30 ,174.60 ,195.60 ,655.20 ,267.60 ,236.40 ,231.30 ,709.80 ,334.80 ,168.60 ,378.30 ,813.40 ,11.70 ,3032.00 ,137.60 ,2016.00 ,340.00 ,100.95 ,339.00 ,814.00 ,459.60 ,0.15 ,2688.00 ,10.00 ,2832.00 ,0.00 ,12.80 ,1061.70 ,3102.60 ,440.40 ,0.60 ,0.11 ,4170.00 ,424.00 ,117.60 ,22.80 ,680.80 ,79.20 ,175.05 ,0.00 ,171.60 ,81.60 ,28.00 ,290.85 ,609.00 ,1476.00 ,131.20 ,4.80 ,17.40 ,810.00 ,184.00 ,56.85 ,1266.00 ,99.20 ,84.60 ,846.00 ,864.00 ,97.20 ,634.20 ,813.00 ,756.60 ,61.65 ,218.10 ,79.80 ,479.50 ,295.80 ,70.50 ,195.30 ,421.50 ,426.80 ,322.50 ,299.70 ,271.80 ,381.30 ,398.40 ,379.50 ,169.50 ,166.20 ,72.00 ,130.50 ,321.60 ,297.00 ,639.00 ,543.60 ,236.10 ,95.70 ,981.60 ,200.40 ,1469.10 ,249.30 ,587.10 ,534.60 ,1015.50 ,206.00 ,101.70 ,159.60 ,312.00 ,382.80 ,321.60 ,219.30 ,372.60 ,200.40 ,180.00 ,183.30 ,98.00 ,432.90 ,148.00 ,80.10 ,385.80 ,593.10 ,634.20 ,5306.40 ,832.20 ,649.20 ,118.80 ,7963.99 
2020/4/2,145.50 ,89.70 ,169.80 ,239.70 ,300.80 ,346.50 ,819.20 ,274.50 ,116.70 ,115.50 ,408.90 ,200.70 ,4.50 ,2392.80 ,220.80 ,770.00 ,920.00 ,205.20 ,266.70 ,132.30 ,389.70 ,368.70 ,162.00 ,209.40 ,686.40 ,289.20 ,249.60 ,215.40 ,226.20 ,489.00 ,177.00 ,361.20 ,802.00 ,14.40 ,2720.00 ,157.60 ,2088.00 ,4830.00 ,103.80 ,357.90 ,791.60 ,478.35 ,0.15 ,2484.00 ,19.50 ,2232.00 ,96.00 ,20.00 ,1144.20 ,0.02 ,382.95 ,1.27 ,144.60 ,4542.00 ,394.40 ,291.20 ,33.30 ,736.80 ,53.40 ,157.80 ,0.00 ,439.20 ,2.40 ,12.80 ,338.55 ,609.60 ,1729.20 ,160.80 ,5.20 ,14.40 ,30.00 ,232.00 ,154.95 ,1350.00 ,109.60 ,93.30 ,2244.00 ,828.00 ,79.80 ,770.10 ,822.00 ,801.90 ,58.65 ,145.80 ,76.40 ,456.50 ,229.80 ,86.70 ,199.20 ,42.00 ,440.00 ,346.80 ,295.80 ,243.00 ,405.90 ,402.00 ,338.40 ,164.10 ,153.90 ,65.70 ,118.50 ,344.40 ,268.20 ,624.60 ,561.60 ,235.50 ,83.10 ,1060.20 ,184.20 ,1445.70 ,257.10 ,677.40 ,494.10 ,1022.10 ,267.60 ,126.60 ,168.30 ,240.00 ,363.60 ,351.30 ,206.10 ,357.60 ,203.40 ,180.90 ,166.50 ,100.00 ,458.40 ,158.00 ,90.90 ,361.80 ,599.10 ,748.20 ,5615.20 ,811.80 ,670.50 ,129.90 ,9021.66 
2020/4/3,149.70 ,95.40 ,195.90 ,255.00 ,313.60 ,370.80 ,880.80 ,291.30 ,141.30 ,133.20 ,441.60 ,224.70 ,4.20 ,2372.40 ,283.20 ,760.40 ,996.00 ,243.90 ,247.80 ,152.70 ,421.95 ,408.60 ,187.20 ,237.00 ,739.20 ,290.40 ,236.40 ,248.70 ,717.00 ,345.90 ,201.90 ,405.60 ,868.00 ,15.00 ,2952.00 ,203.20 ,1728.00 ,4530.00 ,99.75 ,378.60 ,792.40 ,479.25 ,0.30 ,972.00 ,12.00 ,3984.00 ,140.40 ,18.40 ,1098.30 ,3080.40 ,380.70 ,0.60 ,0.04 ,4464.00 ,407.20 ,297.60 ,30.00 ,793.60 ,36.30 ,197.25 ,0.00 ,424.20 ,31.20 ,36.00 ,240.75 ,610.80 ,1333.20 ,160.80 ,3.60 ,17.40 ,66.00 ,208.00 ,124.20 ,1188.00 ,129.60 ,72.60 ,912.00 ,780.00 ,229.80 ,814.80 ,865.50 ,814.80 ,61.05 ,35.40 ,92.30 ,449.50 ,240.60 ,71.10 ,206.10 ,35.00 ,440.80 ,367.80 ,298.50 ,273.60 ,443.70 ,421.80 ,328.80 ,180.00 ,184.50 ,69.00 ,133.20 ,334.50 ,283.80 ,652.80 ,585.60 ,244.80 ,79.50 ,918.00 ,205.80 ,1522.50 ,274.80 ,633.60 ,504.30 ,1032.90 ,231.60 ,120.90 ,163.80 ,258.60 ,381.60 ,279.00 ,231.30 ,395.40 ,200.10 ,196.50 ,174.00 ,104.00 ,440.10 ,190.00 ,84.90 ,370.80 ,736.80 ,743.40 ,5173.60 ,1006.80 ,675.30 ,123.30 ,8964.42 
2020/4/4,123.90 ,79.80 ,179.10 ,184.20 ,306.00 ,366.30 ,648.40 ,271.20 ,124.50 ,129.30 ,360.30 ,201.30 ,4.50 ,2083.20 ,250.80 ,478.00 ,983.60 ,221.70 ,236.10 ,133.50 ,401.25 ,368.40 ,157.20 ,169.80 ,619.20 ,253.20 ,225.60 ,240.00 ,79.80 ,312.30 ,153.00 ,346.80 ,895.40 ,11.10 ,1168.00 ,164.80 ,1524.00 ,6900.00 ,80.70 ,333.00 ,748.80 ,458.10 ,0.15 ,432.00 ,4.00 ,3258.00 ,1080.00 ,13.60 ,1079.10 ,0.02 ,390.90 ,1.28 ,27.90 ,4368.00 ,336.00 ,58.40 ,25.20 ,620.80 ,29.10 ,69.00 ,2.40 ,58.80 ,28.00 ,6.40 ,116.70 ,607.80 ,1940.40 ,180.00 ,3.60 ,9.60 ,912.00 ,160.00 ,47.55 ,624.00 ,36.80 ,18.30 ,1962.00 ,768.00 ,126.00 ,587.10 ,849.60 ,717.00 ,57.60 ,50.70 ,76.70 ,400.50 ,244.20 ,47.40 ,219.30 ,406.50 ,400.40 ,313.80 ,292.20 ,216.60 ,371.10 ,409.20 ,273.30 ,150.30 ,166.50 ,65.40 ,129.90 ,348.60 ,256.80 ,286.20 ,530.40 ,231.00 ,70.50 ,703.20 ,184.80 ,712.20 ,254.40 ,468.90 ,435.30 ,599.70 ,215.60 ,108.90 ,153.60 ,295.20 ,327.00 ,239.40 ,178.50 ,390.60 ,171.60 ,210.60 ,186.90 ,89.00 ,444.30 ,172.00 ,92.70 ,378.60 ,583.50 ,510.60 ,4890.40 ,632.40 ,660.30 ,116.70 ,7356.28 
2020/4/5,144.90 ,70.20 ,156.90 ,175.80 ,289.20 ,331.80 ,633.20 ,234.30 ,133.20 ,126.30 ,365.40 ,185.40 ,3.60 ,2170.80 ,337.20 ,396.40 ,860.00 ,227.10 ,218.40 ,113.10 ,345.45 ,327.90 ,142.80 ,143.40 ,602.40 ,254.40 ,217.20 ,224.40 ,244.20 ,313.50 ,189.00 ,356.10 ,853.80 ,11.70 ,2288.00 ,136.80 ,1836.00 ,6990.00 ,118.20 ,313.50 ,737.20 ,463.80 ,0.30 ,444.00 ,12.00 ,3312.00 ,70.20 ,12.80 ,1097.70 ,3030.00 ,336.60 ,0.40 ,0.03 ,3960.00 ,264.80 ,289.60 ,20.70 ,705.60 ,20.85 ,72.00 ,1.60 ,55.20 ,112.00 ,6.40 ,82.50 ,753.00 ,1130.40 ,176.80 ,4.00 ,16.80 ,672.00 ,144.00 ,50.40 ,702.00 ,79.20 ,52.20 ,180.00 ,894.00 ,121.20 ,662.40 ,821.70 ,692.10 ,53.40 ,36.60 ,67.60 ,366.50 ,255.00 ,36.00 ,198.90 ,76.50 ,400.40 ,303.30 ,261.60 ,190.80 ,372.90 ,376.80 ,295.50 ,138.30 ,137.40 ,62.10 ,122.40 ,312.60 ,239.40 ,245.40 ,510.00 ,207.90 ,74.70 ,601.20 ,216.00 ,1333.50 ,248.40 ,463.80 ,454.50 ,594.90 ,242.00 ,95.10 ,145.50 ,262.20 ,328.20 ,223.80 ,168.90 ,375.60 ,161.40 ,172.20 ,174.30 ,92.00 ,419.10 ,133.00 ,93.00 ,335.40 ,559.50 ,740.40 ,5072.80 ,834.00 ,640.20 ,103.20 ,7529.62 
2020/4/6,122.10 ,75.60 ,138.90 ,130.80 ,273.20 ,342.60 ,561.60 ,249.60 ,136.80 ,130.50 ,318.30 ,168.00 ,4.20 ,1927.80 ,410.40 ,377.60 ,807.60 ,211.80 ,219.30 ,110.10 ,324.45 ,301.50 ,132.00 ,157.20 ,564.00 ,235.20 ,202.80 ,217.50 ,556.80 ,478.20 ,174.60 ,339.60 ,809.00 ,9.90 ,2976.00 ,90.40 ,3252.00 ,6750.00 ,90.00 ,302.40 ,668.40 ,425.55 ,0.15 ,828.00 ,10.00 ,1812.00 ,204.00 ,16.00 ,1055.70 ,0.01 ,393.90 ,1.29 ,0.60 ,3966.00 ,281.60 ,348.80 ,18.60 ,640.80 ,24.75 ,185.85 ,1.60 ,400.80 ,167.20 ,119.20 ,10.95 ,738.60 ,1689.00 ,184.80 ,4.00 ,20.40 ,780.00 ,280.00 ,223.65 ,1512.00 ,68.00 ,50.70 ,870.00 ,864.00 ,335.40 ,609.00 ,723.00 ,713.70 ,57.15 ,52.80 ,64.60 ,347.00 ,256.20 ,18.00 ,192.60 ,36.50 ,392.40 ,330.00 ,258.90 ,264.60 ,349.80 ,364.20 ,294.00 ,144.90 ,139.50 ,63.60 ,117.30 ,314.40 ,230.40 ,587.40 ,481.20 ,213.60 ,69.60 ,487.20 ,162.60 ,1518.90 ,244.50 ,540.00 ,455.10 ,723.30 ,171.20 ,98.70 ,137.10 ,265.80 ,319.80 ,223.80 ,179.10 ,365.40 ,172.50 ,155.10 ,166.20 ,91.00 ,408.30 ,127.00 ,72.90 ,318.00 ,529.20 ,754.80 ,5071.20 ,792.90 ,518.70 ,110.70 ,7587.86 
2020/4/7,132.60 ,62.70 ,139.50 ,130.50 ,266.40 ,323.10 ,527.20 ,224.70 ,114.00 ,109.80 ,292.20 ,164.10 ,4.20 ,2016.60 ,433.20 ,480.40 ,753.20 ,210.90 ,225.30 ,105.30 ,331.95 ,272.10 ,119.40 ,156.60 ,525.60 ,250.80 ,201.60 ,190.20 ,192.60 ,186.90 ,122.10 ,371.10 ,773.60 ,12.90 ,2120.00 ,91.20 ,3144.00 ,5150.00 ,86.10 ,282.30 ,619.60 ,408.30 ,0.15 ,936.00 ,7.50 ,3342.00 ,0.00 ,17.60 ,1069.20 ,2985.60 ,338.55 ,0.20 ,3.35 ,3006.00 ,271.20 ,49.60 ,23.10 ,571.20 ,31.65 ,168.00 ,4.00 ,222.60 ,212.00 ,106.40 ,67.50 ,726.60 ,1861.20 ,193.60 ,5.20 ,18.00 ,738.00 ,1160.00 ,262.35 ,1038.00 ,67.20 ,51.30 ,2172.00 ,774.00 ,181.80 ,625.20 ,692.40 ,757.20 ,49.80 ,311.70 ,65.20 ,351.50 ,254.40 ,18.00 ,185.40 ,24.50 ,405.20 ,309.30 ,247.20 ,285.00 ,355.20 ,357.00 ,268.50 ,135.30 ,136.50 ,55.50 ,126.90 ,311.40 ,216.00 ,764.40 ,448.80 ,196.50 ,64.50 ,463.20 ,156.00 ,1405.80 ,234.30 ,520.20 ,409.80 ,717.90 ,223.60 ,90.90 ,127.80 ,229.80 ,312.00 ,216.30 ,177.30 ,360.60 ,153.90 ,148.50 ,168.60 ,91.00 ,382.20 ,128.00 ,64.50 ,276.60 ,625.50 ,655.20 ,4939.20 ,675.30 ,434.10 ,105.30 ,7129.48 
2020/4/8,121.80 ,62.10 ,152.10 ,131.70 ,254.40 ,315.90 ,538.00 ,226.20 ,109.50 ,113.10 ,296.40 ,176.10 ,3.60 ,1889.40 ,342.00 ,470.80 ,706.00 ,195.90 ,200.40 ,102.60 ,324.30 ,263.40 ,120.00 ,157.80 ,506.40 ,213.60 ,181.20 ,186.30 ,158.40 ,401.70 ,132.90 ,433.80 ,793.40 ,12.30 ,1744.00 ,82.40 ,3204.00 ,400.00 ,93.30 ,287.40 ,657.60 ,408.90 ,0.15 ,1200.00 ,4.50 ,1710.00 ,72.00 ,13.60 ,1006.80 ,0.01 ,328.65 ,1.28 ,677.10 ,4116.00 ,229.60 ,60.80 ,33.30 ,128.00 ,17.70 ,137.85 ,8.80 ,252.00 ,212.80 ,104.00 ,44.25 ,583.20 ,1251.60 ,214.40 ,2.80 ,17.40 ,684.00 ,288.00 ,94.95 ,1428.00 ,60.80 ,55.80 ,2982.00 ,816.00 ,108.00 ,522.00 ,625.20 ,588.30 ,53.10 ,185.10 ,55.00 ,349.00 ,225.00 ,24.90 ,195.60 ,39.00 ,382.40 ,294.30 ,260.40 ,238.80 ,365.10 ,373.80 ,254.40 ,137.70 ,114.90 ,63.00 ,123.60 ,298.20 ,223.20 ,618.00 ,451.20 ,184.80 ,67.20 ,448.20 ,159.60 ,1259.40 ,213.90 ,540.60 ,408.30 ,668.70 ,194.40 ,99.30 ,137.70 ,235.20 ,316.80 ,204.60 ,158.10 ,322.80 ,159.90 ,145.20 ,163.20 ,92.00 ,380.40 ,136.00 ,63.60 ,283.80 ,469.20 ,490.80 ,4896.00 ,735.60 ,350.40 ,109.80 ,6999.28 
2020/4/9,122.10 ,67.20 ,131.40 ,114.00 ,252.00 ,316.50 ,478.40 ,213.90 ,112.20 ,126.30 ,271.80 ,163.50 ,3.60 ,1905.00 ,370.80 ,492.00 ,696.80 ,207.90 ,216.60 ,106.80 ,301.20 ,261.60 ,142.80 ,158.40 ,513.60 ,216.00 ,187.20 ,214.20 ,427.20 ,392.70 ,144.60 ,466.80 ,850.80 ,12.60 ,1816.00 ,86.40 ,2604.00 ,4330.00 ,87.30 ,301.50 ,634.00 ,404.25 ,0.30 ,1332.00 ,6.50 ,3930.00 ,140.70 ,17.60 ,1025.40 ,3138.00 ,321.15 ,0.80 ,2.31 ,3774.00 ,240.00 ,278.40 ,35.10 ,574.40 ,17.10 ,174.15 ,9.60 ,297.00 ,221.60 ,90.40 ,97.50 ,662.40 ,1494.60 ,219.20 ,4.00 ,16.50 ,576.00 ,176.00 ,156.30 ,1656.00 ,67.20 ,48.00 ,168.00 ,1020.00 ,198.00 ,435.00 ,675.60 ,720.30 ,49.65 ,408.90 ,60.20 ,331.00 ,220.20 ,31.20 ,181.20 ,30.00 ,369.20 ,303.30 ,245.10 ,270.00 ,334.50 ,356.40 ,339.30 ,144.60 ,124.80 ,58.50 ,139.80 ,267.30 ,217.20 ,523.20 ,442.80 ,197.70 ,64.20 ,460.20 ,159.60 ,1399.50 ,245.40 ,517.20 ,416.70 ,747.00 ,240.40 ,93.00 ,139.50 ,219.00 ,325.20 ,213.30 ,165.30 ,333.60 ,169.50 ,146.40 ,156.30 ,95.00 ,340.80 ,137.00 ,60.90 ,278.40 ,522.60 ,718.20 ,4939.20 ,699.60 ,365.40 ,135.60 ,6869.08 
2020/4/10,117.30 ,56.70 ,130.50 ,150.60 ,236.80 ,341.40 ,640.40 ,227.70 ,109.20 ,121.50 ,268.80 ,172.50 ,4.50 ,1998.60 ,288.00 ,484.40 ,740.80 ,184.20 ,214.20 ,106.80 ,307.20 ,285.30 ,121.80 ,154.20 ,530.40 ,222.00 ,184.80 ,214.50 ,713.40 ,406.80 ,127.50 ,474.90 ,775.80 ,8.40 ,1600.00 ,92.80 ,2244.00 ,7050.00 ,93.15 ,286.80 ,663.20 ,402.75 ,0.15 ,972.00 ,4.50 ,3702.00 ,760.00 ,21.60 ,1015.80 ,0.02 ,438.90 ,1.30 ,769.50 ,4032.00 ,238.40 ,316.80 ,40.80 ,728.00 ,24.45 ,174.30 ,0.00 ,282.60 ,127.20 ,21.60 ,61.50 ,658.20 ,1912.80 ,226.40 ,1.20 ,12.60 ,696.00 ,184.00 ,50.10 ,1350.00 ,68.80 ,50.40 ,786.00 ,894.00 ,252.00 ,534.30 ,712.80 ,642.90 ,59.85 ,300.00 ,63.60 ,356.50 ,196.80 ,16.20 ,163.50 ,138.00 ,340.80 ,278.70 ,244.50 ,217.20 ,303.30 ,375.60 ,317.70 ,154.20 ,121.80 ,75.00 ,131.70 ,280.50 ,223.80 ,871.20 ,430.80 ,183.30 ,68.70 ,450.00 ,166.80 ,1421.10 ,209.40 ,557.10 ,444.90 ,689.40 ,232.00 ,87.60 ,129.30 ,199.80 ,327.60 ,192.30 ,155.70 ,327.60 ,156.00 ,146.10 ,165.00 ,83.00 ,287.10 ,124.00 ,64.20 ,289.20 ,736.80 ,664.20 ,5129.60 ,770.70 ,350.10 ,104.70 ,7064.82 
2020/4/11,128.70 ,64.20 ,152.40 ,213.60 ,238.80 ,393.60 ,771.60 ,259.20 ,124.80 ,161.40 ,320.40 ,223.80 ,3.90 ,2158.20 ,289.20 ,522.80 ,835.20 ,214.20 ,252.90 ,110.70 ,367.05 ,354.60 ,144.60 ,201.60 ,504.00 ,223.20 ,182.40 ,209.10 ,183.00 ,321.30 ,174.60 ,516.30 ,803.00 ,17.40 ,1200.00 ,122.40 ,1860.00 ,6640.00 ,100.65 ,325.80 ,752.00 ,449.40 ,0.30 ,168.00 ,15.00 ,2580.00 ,75.90 ,36.00 ,1055.70 ,2890.80 ,424.50 ,1.60 ,2.86 ,3186.00 ,332.80 ,72.80 ,30.90 ,608.80 ,31.20 ,130.95 ,0.80 ,327.00 ,28.80 ,6.40 ,81.90 ,744.00 ,1178.40 ,228.00 ,0.00 ,27.30 ,450.00 ,208.00 ,139.80 ,1344.00 ,127.20 ,75.90 ,1854.00 ,762.00 ,112.20 ,628.50 ,765.60 ,596.10 ,74.55 ,187.20 ,85.80 ,425.50 ,237.60 ,66.00 ,201.00 ,379.50 ,430.80 ,358.20 ,252.30 ,240.60 ,378.30 ,381.00 ,301.80 ,163.50 ,125.40 ,63.90 ,139.80 ,286.20 ,255.00 ,579.60 ,472.80 ,203.40 ,68.10 ,586.20 ,162.60 ,1416.00 ,228.00 ,564.30 ,450.60 ,773.40 ,236.80 ,108.90 ,181.20 ,220.20 ,364.20 ,285.60 ,174.00 ,345.00 ,190.80 ,165.30 ,159.00 ,91.00 ,313.50 ,161.00 ,70.80 ,301.80 ,536.40 ,718.20 ,5272.80 ,750.60 ,393.60 ,110.40 ,6995.35 
2020/4/12,130.30 ,65.00 ,154.30 ,216.20 ,241.70 ,398.40 ,781.00 ,262.40 ,126.30 ,163.40 ,324.30 ,226.50 ,4.00 ,2184.60 ,292.70 ,529.20 ,845.40 ,216.80 ,256.00 ,112.10 ,371.54 ,358.90 ,146.40 ,204.10 ,510.20 ,225.90 ,184.60 ,211.70 ,185.20 ,325.20 ,176.70 ,522.60 ,812.80 ,17.60 ,1215.00 ,123.90 ,1883.00 ,6721.00 ,101.88 ,329.80 ,761.20 ,454.90 ,0.30 ,170.00 ,15.00 ,2612.00 ,76.80 ,36.40 ,1068.60 ,2926.20 ,429.70 ,1.62 ,2.90 ,3225.00 ,336.90 ,73.70 ,31.30 ,616.30 ,31.60 ,132.55 ,0.80 ,331.00 ,29.20 ,6.50 ,82.90 ,753.10 ,1192.80 ,230.80 ,0.00 ,27.60 ,456.00 ,211.00 ,141.50 ,1360.00 ,128.80 ,76.80 ,1877.00 ,771.00 ,113.60 ,636.20 ,775.00 ,603.40 ,75.50 ,189.50 ,86.90 ,430.70 ,240.50 ,66.80 ,203.50 ,384.00 ,436.10 ,362.60 ,255.40 ,243.50 ,382.90 ,385.70 ,305.50 ,165.50 ,126.90 ,64.70 ,141.50 ,289.70 ,258.10 ,586.70 ,478.60 ,205.90 ,68.90 ,593.40 ,164.60 ,1433.30 ,230.80 ,571.20 ,456.10 ,782.90 ,239.70 ,110.20 ,183.40 ,222.90 ,368.70 ,289.10 ,176.10 ,349.20 ,193.10 ,167.30 ,160.90 ,92.00 ,317.30 ,163.00 ,71.70 ,305.50 ,543.00 ,727.00 ,5337.30 ,759.80 ,398.40 ,111.80 ,7080.92 
2020/4/13,142.00 ,70.80 ,168.20 ,235.70 ,263.50 ,434.30 ,851.30 ,286.00 ,137.70 ,178.10 ,353.50 ,246.90 ,4.30 ,2381.20 ,319.10 ,576.80 ,921.50 ,236.30 ,279.00 ,122.10 ,404.98 ,391.30 ,159.50 ,222.40 ,556.10 ,246.30 ,201.30 ,230.70 ,201.90 ,354.50 ,192.60 ,569.70 ,886.00 ,19.20 ,1324.00 ,135.10 ,2052.00 ,7326.00 ,111.05 ,359.50 ,829.70 ,495.84 ,0.30 ,185.00 ,16.50 ,2847.00 ,83.70 ,39.70 ,1164.80 ,3189.60 ,468.40 ,1.77 ,3.20 ,3515.00 ,367.20 ,80.30 ,34.10 ,671.70 ,34.40 ,144.50 ,0.90 ,360.80 ,31.80 ,7.10 ,90.40 ,820.90 ,1300.20 ,251.60 ,0.00 ,30.10 ,497.00 ,230.00 ,154.25 ,1483.00 ,140.40 ,83.70 ,2046.00 ,841.00 ,123.80 ,693.50 ,844.70 ,657.70 ,82.25 ,206.60 ,94.70 ,469.50 ,262.20 ,72.80 ,221.80 ,418.50 ,475.30 ,395.20 ,278.40 ,265.50 ,417.40 ,420.40 ,333.00 ,180.40 ,138.40 ,70.50 ,154.30 ,315.80 ,281.40 ,639.50 ,521.70 ,224.40 ,75.10 ,646.80 ,179.40 ,1562.30 ,251.60 ,622.60 ,497.20 ,853.30 ,261.30 ,120.20 ,199.90 ,243.00 ,401.80 ,315.10 ,192.00 ,380.70 ,210.50 ,182.40 ,175.40 ,100.00 ,345.90 ,178.00 ,78.10 ,333.00 ,591.80 ,792.40 ,5817.70 ,828.20 ,434.30 ,121.80 ,7718.27 
2020/4/14,132.90 ,70.30 ,136.40 ,128.30 ,291.10 ,374.90 ,573.80 ,261.10 ,115.20 ,142.00 ,376.30 ,189.70 ,4.60 ,2452.10 ,238.90 ,557.30 ,891.30 ,226.50 ,254.00 ,146.30 ,348.38 ,311.30 ,139.90 ,164.70 ,667.10 ,253.00 ,241.70 ,224.00 ,1101.00 ,504.20 ,191.50 ,329.30 ,979.70 ,14.50 ,2808.00 ,139.50 ,2586.00 ,7455.00 ,113.20 ,340.30 ,778.70 ,440.60 ,0.15 ,749.00 ,16.50 ,3993.00 ,240.30 ,28.30 ,1270.60 ,0.00 ,367.50 ,1.52 ,890.40 ,3540.00 ,289.30 ,307.20 ,23.30 ,619.00 ,28.40 ,209.85 ,7.50 ,286.90 ,224.30 ,8.50 ,318.35 ,776.60 ,1799.90 ,233.70 ,5.70 ,20.90 ,664.00 ,207.00 ,180.20 ,1435.00 ,90.50 ,90.80 ,919.00 ,947.00 ,381.60 ,733.50 ,872.40 ,641.70 ,53.35 ,332.80 ,64.80 ,527.10 ,228.30 ,49.10 ,203.90 ,404.50 ,393.40 ,349.80 ,257.60 ,287.60 ,383.40 ,399.30 ,323.30 ,179.50 ,179.10 ,74.60 ,163.60 ,303.20 ,247.30 ,655.10 ,470.60 ,218.40 ,82.30 ,723.60 ,176.70 ,1423.20 ,272.10 ,571.00 ,481.90 ,862.50 ,217.70 ,100.40 ,135.00 ,275.60 ,379.50 ,213.10 ,194.70 ,400.70 ,162.50 ,162.20 ,194.30 ,127.00 ,494.00 ,158.00 ,84.50 ,296.10 ,763.50 ,765.30 ,5318.80 ,897.80 ,431.40 ,118.00 ,6508.18 
2020/4/15,115.80 ,61.30 ,118.90 ,111.80 ,253.80 ,326.80 ,500.30 ,227.60 ,100.40 ,123.80 ,328.10 ,165.40 ,4.00 ,2137.80 ,208.20 ,485.90 ,777.10 ,197.50 ,221.50 ,127.50 ,303.73 ,271.40 ,122.00 ,143.60 ,581.60 ,220.60 ,210.70 ,195.30 ,959.90 ,439.60 ,167.00 ,287.10 ,854.10 ,12.60 ,2448.00 ,121.60 ,2255.00 ,6500.00 ,98.73 ,296.60 ,678.90 ,384.13 ,0.15 ,653.00 ,14.50 ,3481.00 ,209.50 ,24.60 ,1107.70 ,0.00 ,320.40 ,1.32 ,776.30 ,3087.00 ,252.20 ,267.80 ,20.30 ,539.70 ,24.80 ,183.00 ,6.60 ,250.10 ,195.50 ,7.40 ,277.50 ,677.10 ,1569.20 ,203.70 ,4.90 ,18.20 ,579.00 ,181.00 ,157.10 ,1251.00 ,78.90 ,79.20 ,801.00 ,826.00 ,332.70 ,639.50 ,760.60 ,559.40 ,46.50 ,290.20 ,56.50 ,459.50 ,199.00 ,42.80 ,177.70 ,353.00 ,343.00 ,305.00 ,224.60 ,250.80 ,334.20 ,348.10 ,281.90 ,156.50 ,156.20 ,65.00 ,142.60 ,264.30 ,215.60 ,571.10 ,410.30 ,190.40 ,71.80 ,630.90 ,154.00 ,1240.80 ,237.20 ,497.80 ,420.20 ,751.90 ,189.80 ,87.50 ,117.70 ,240.30 ,330.80 ,185.80 ,169.70 ,349.30 ,141.70 ,141.40 ,169.40 ,111.00 ,430.60 ,138.00 ,73.60 ,258.10 ,665.70 ,667.20 ,4637.00 ,782.70 ,376.10 ,102.90 ,5187.05 
2020/4/16,112.80 ,59.70 ,115.80 ,108.90 ,247.20 ,318.30 ,487.20 ,221.70 ,97.80 ,120.60 ,319.50 ,161.10 ,3.90 ,2082.00 ,202.80 ,473.20 ,756.80 ,192.30 ,215.70 ,124.20 ,295.80 ,264.30 ,118.80 ,139.80 ,566.40 ,214.80 ,205.20 ,190.20 ,934.80 ,428.10 ,162.60 ,279.60 ,831.80 ,12.30 ,2384.00 ,118.40 ,2196.00 ,6330.00 ,96.15 ,288.90 ,661.20 ,374.10 ,0.15 ,636.00 ,14.00 ,3390.00 ,204.00 ,24.00 ,1078.80 ,0.02 ,312.00 ,1.29 ,756.00 ,3006.00 ,245.60 ,260.80 ,19.80 ,525.60 ,24.15 ,178.20 ,6.40 ,243.60 ,190.40 ,7.20 ,270.30 ,659.40 ,1528.20 ,198.40 ,4.80 ,17.70 ,564.00 ,176.00 ,153.00 ,1218.00 ,76.80 ,77.10 ,780.00 ,804.00 ,324.00 ,622.80 ,740.70 ,544.80 ,45.30 ,282.60 ,55.00 ,447.50 ,193.80 ,41.70 ,173.10 ,343.50 ,334.00 ,297.00 ,218.70 ,244.20 ,325.50 ,339.00 ,274.50 ,152.40 ,152.10 ,63.30 ,138.90 ,257.40 ,210.00 ,556.20 ,399.60 ,185.40 ,69.90 ,614.40 ,150.00 ,1208.40 ,231.00 ,484.80 ,409.20 ,732.30 ,184.80 ,85.20 ,114.60 ,234.00 ,322.20 ,180.90 ,165.30 ,340.20 ,138.00 ,137.70 ,165.00 ,108.00 ,419.40 ,134.00 ,71.70 ,251.40 ,648.30 ,649.80 ,4516.00 ,762.30 ,366.30 ,100.20 ,5030.89 
2020/4/17,114.30 ,62.70 ,102.60 ,128.10 ,248.00 ,317.70 ,519.20 ,207.30 ,100.50 ,126.30 ,288.30 ,176.40 ,5.40 ,2184.60 ,332.40 ,418.40 ,726.00 ,186.00 ,225.30 ,96.30 ,272.85 ,267.60 ,112.20 ,145.80 ,614.40 ,232.80 ,196.80 ,205.20 ,931.20 ,284.70 ,159.90 ,267.90 ,777.20 ,12.30 ,2488.00 ,123.20 ,2412.00 ,7410.00 ,91.65 ,300.00 ,643.60 ,379.20 ,0.15 ,996.00 ,20.00 ,2724.00 ,0.00 ,14.40 ,1099.80 ,2890.80 ,298.65 ,0.40 ,1.04 ,4374.00 ,219.20 ,236.00 ,29.10 ,472.00 ,22.05 ,163.65 ,5.60 ,300.00 ,177.60 ,124.00 ,211.20 ,791.40 ,1899.60 ,236.80 ,0.80 ,20.40 ,636.00 ,240.00 ,163.65 ,708.00 ,85.60 ,76.50 ,1782.00 ,912.00 ,246.60 ,459.90 ,733.20 ,530.70 ,52.05 ,143.40 ,55.90 ,424.00 ,205.80 ,46.20 ,167.70 ,122.50 ,334.40 ,286.20 ,228.00 ,221.40 ,300.00 ,316.20 ,269.40 ,171.60 ,150.30 ,63.90 ,168.00 ,279.90 ,219.60 ,513.00 ,414.00 ,171.60 ,84.90 ,1284.60 ,130.80 ,789.90 ,199.20 ,447.90 ,380.70 ,696.00 ,162.80 ,91.50 ,126.00 ,233.40 ,336.60 ,189.00 ,161.40 ,332.40 ,135.90 ,129.30 ,169.80 ,93.00 ,391.80 ,153.00 ,74.10 ,260.40 ,750.00 ,585.00 ,4373.60 ,759.00 ,349.80 ,94.20 ,6242.68 
2020/4/18,114.00 ,57.00 ,119.40 ,147.30 ,219.60 ,301.80 ,595.60 ,220.20 ,90.60 ,117.00 ,290.70 ,162.90 ,3.90 ,2074.80 ,226.80 ,349.20 ,619.20 ,174.30 ,221.40 ,87.60 ,281.10 ,299.40 ,117.60 ,145.80 ,561.60 ,231.60 ,199.20 ,206.40 ,642.60 ,169.80 ,127.50 ,276.60 ,826.40 ,11.10 ,2088.00 ,126.40 ,2160.00 ,5250.00 ,87.60 ,281.10 ,694.40 ,378.60 ,0.15 ,1164.00 ,13.50 ,4200.00 ,108.00 ,9.60 ,1099.50 ,0.02 ,294.15 ,1.28 ,651.00 ,3192.00 ,219.20 ,262.40 ,28.20 ,564.80 ,19.95 ,65.10 ,0.80 ,276.00 ,114.40 ,4.80 ,216.75 ,592.20 ,1174.80 ,244.80 ,0.00 ,16.20 ,510.00 ,320.00 ,238.20 ,660.00 ,72.80 ,73.50 ,750.00 ,882.00 ,315.00 ,462.30 ,728.70 ,501.30 ,55.20 ,285.30 ,55.50 ,387.50 ,169.80 ,28.20 ,162.00 ,294.00 ,314.00 ,306.90 ,206.70 ,290.40 ,308.70 ,329.40 ,259.50 ,186.00 ,161.70 ,63.30 ,135.00 ,271.20 ,202.80 ,555.60 ,398.40 ,162.60 ,78.90 ,1092.60 ,150.00 ,902.10 ,188.10 ,539.10 ,402.30 ,699.90 ,160.00 ,88.20 ,114.90 ,233.40 ,315.60 ,191.40 ,140.70 ,325.20 ,153.90 ,136.80 ,156.60 ,86.00 ,371.70 ,145.00 ,93.30 ,241.80 ,792.90 ,540.00 ,4784.00 ,729.60 ,362.10 ,90.90 ,6015.54 
2020/4/19,102.90 ,66.30 ,117.90 ,129.90 ,238.80 ,311.10 ,484.40 ,228.30 ,100.20 ,109.50 ,278.40 ,171.90 ,4.50 ,1877.40 ,314.40 ,372.40 ,738.00 ,200.40 ,220.50 ,93.30 ,306.30 ,294.00 ,117.00 ,145.80 ,576.00 ,230.40 ,195.60 ,238.20 ,732.00 ,290.70 ,132.90 ,269.40 ,812.40 ,12.60 ,1704.00 ,132.80 ,2136.00 ,4830.00 ,87.90 ,290.40 ,638.00 ,376.95 ,0.30 ,1236.00 ,13.50 ,966.00 ,141.00 ,19.20 ,1075.50 ,2922.00 ,313.05 ,0.20 ,2.56 ,3528.00 ,231.20 ,72.80 ,42.90 ,580.00 ,21.00 ,73.50 ,48.80 ,61.80 ,88.00 ,5.60 ,144.15 ,705.60 ,1204.20 ,216.80 ,1.20 ,17.40 ,654.00 ,192.00 ,88.50 ,636.00 ,67.20 ,68.10 ,1836.00 ,828.00 ,277.20 ,615.90 ,759.90 ,527.70 ,66.90 ,198.60 ,58.00 ,370.50 ,178.20 ,35.10 ,146.70 ,359.00 ,340.80 ,315.60 ,218.10 ,187.20 ,313.20 ,322.80 ,281.40 ,168.00 ,154.20 ,63.30 ,141.90 ,260.10 ,207.60 ,614.40 ,446.40 ,181.80 ,80.10 ,624.00 ,142.80 ,879.30 ,201.90 ,441.30 ,414.90 ,645.90 ,179.60 ,87.60 ,121.50 ,229.80 ,315.00 ,214.50 ,184.50 ,324.00 ,145.80 ,122.10 ,158.10 ,94.00 ,378.00 ,286.00 ,93.90 ,271.20 ,494.70 ,524.40 ,4983.20 ,692.10 ,361.50 ,88.20 ,5241.53 
2020/4/20,106.20 ,59.40 ,120.30 ,171.90 ,233.60 ,324.30 ,664.00 ,218.40 ,105.00 ,98.10 ,267.60 ,167.40 ,5.10 ,2242.80 ,280.80 ,481.60 ,676.40 ,204.90 ,238.20 ,104.10 ,291.15 ,277.50 ,129.00 ,145.20 ,511.20 ,213.60 ,188.40 ,218.70 ,755.40 ,313.80 ,149.70 ,279.30 ,821.60 ,11.70 ,1600.00 ,151.20 ,1572.00 ,4490.00 ,82.65 ,285.00 ,680.80 ,399.75 ,0.15 ,1272.00 ,15.00 ,2310.00 ,760.00 ,20.80 ,1095.60 ,0.02 ,295.65 ,1.27 ,742.80 ,3714.00 ,265.60 ,272.80 ,33.30 ,399.20 ,23.55 ,164.10 ,156.00 ,274.80 ,47.20 ,8.00 ,164.10 ,639.00 ,1446.00 ,224.80 ,0.00 ,19.20 ,828.00 ,160.00 ,245.25 ,882.00 ,88.00 ,78.00 ,168.00 ,858.00 ,292.80 ,462.90 ,768.30 ,555.00 ,49.20 ,176.10 ,50.30 ,418.50 ,192.00 ,35.70 ,160.80 ,723.00 ,338.00 ,295.50 ,217.80 ,293.40 ,321.00 ,333.60 ,290.40 ,153.00 ,159.90 ,76.80 ,141.60 ,264.00 ,206.40 ,755.40 ,459.60 ,180.60 ,107.10 ,655.80 ,149.40 ,1474.80 ,216.00 ,440.70 ,377.40 ,811.50 ,146.40 ,87.00 ,122.70 ,205.20 ,341.40 ,196.50 ,191.10 ,331.20 ,144.60 ,130.50 ,154.20 ,90.00 ,369.60 ,143.00 ,85.20 ,259.80 ,792.90 ,634.20 ,4776.00 ,682.80 ,327.90 ,82.80 ,5908.69 
2020/4/21,114.60 ,69.60 ,138.30 ,217.50 ,250.40 ,314.10 ,764.80 ,239.40 ,109.20 ,142.80 ,274.80 ,170.70 ,5.70 ,2202.60 ,226.80 ,494.80 ,713.60 ,191.10 ,240.30 ,108.00 ,326.25 ,330.90 ,136.20 ,169.20 ,499.20 ,218.40 ,187.20 ,234.00 ,1245.60 ,182.10 ,162.60 ,287.10 ,804.80 ,12.00 ,2104.00 ,208.00 ,2688.00 ,5330.00 ,93.30 ,290.40 ,719.20 ,394.35 ,0.30 ,1236.00 ,9.00 ,3630.00 ,69.30 ,21.60 ,1088.10 ,3112.20 ,339.90 ,0.20 ,4.67 ,3720.00 ,340.00 ,108.80 ,40.50 ,610.40 ,20.55 ,201.75 ,60.00 ,304.20 ,1.60 ,12.80 ,184.95 ,660.60 ,1916.40 ,242.40 ,0.00 ,21.00 ,798.00 ,304.00 ,50.55 ,1650.00 ,88.00 ,56.10 ,780.00 ,870.00 ,63.60 ,502.80 ,746.10 ,747.30 ,72.90 ,101.70 ,50.70 ,444.00 ,169.80 ,48.30 ,149.40 ,125.00 ,356.40 ,306.30 ,231.00 ,228.60 ,351.90 ,337.20 ,309.90 ,184.20 ,173.40 ,75.60 ,158.70 ,289.20 ,214.20 ,820.80 ,453.60 ,185.70 ,102.90 ,771.60 ,146.40 ,1529.10 ,209.70 ,445.20 ,442.50 ,775.20 ,155.20 ,95.10 ,128.70 ,250.20 ,368.40 ,257.40 ,188.70 ,353.40 ,150.00 ,152.70 ,163.80 ,95.00 ,402.30 ,197.00 ,104.70 ,268.20 ,495.90 ,679.80 ,5192.80 ,879.90 ,344.40 ,84.30 ,6708.73 
2020/4/22,108.30 ,73.50 ,112.80 ,172.20 ,244.00 ,324.60 ,704.80 ,228.30 ,98.40 ,116.70 ,309.30 ,189.00 ,4.50 ,2231.40 ,141.60 ,502.00 ,776.00 ,200.40 ,246.30 ,97.50 ,305.55 ,310.50 ,142.80 ,171.60 ,494.40 ,210.00 ,186.00 ,217.20 ,273.00 ,334.20 ,141.60 ,283.20 ,899.60 ,15.30 ,1320.00 ,321.60 ,2412.00 ,230.00 ,97.95 ,297.60 ,673.20 ,389.10 ,0.15 ,840.00 ,8.50 ,3444.00 ,203.20 ,16.00 ,1095.90 ,0.01 ,357.75 ,1.28 ,684.60 ,4038.00 ,306.40 ,349.60 ,22.20 ,619.20 ,25.50 ,180.15 ,325.60 ,313.80 ,34.40 ,8.00 ,125.10 ,668.40 ,1219.80 ,277.60 ,0.80 ,20.70 ,738.00 ,336.00 ,230.40 ,1494.00 ,86.40 ,72.60 ,2352.00 ,918.00 ,77.40 ,468.30 ,756.00 ,658.20 ,73.35 ,50.10 ,49.90 ,454.50 ,192.00 ,42.30 ,167.10 ,65.50 ,352.80 ,304.20 ,237.90 ,232.20 ,358.80 ,342.60 ,279.00 ,217.50 ,186.60 ,71.10 ,145.50 ,267.60 ,217.20 ,840.60 ,444.00 ,198.60 ,95.10 ,756.60 ,133.80 ,1455.00 ,219.90 ,484.80 ,444.30 ,854.40 ,184.80 ,101.40 ,116.40 ,217.20 ,381.00 ,223.20 ,168.30 ,346.80 ,149.10 ,149.70 ,176.10 ,102.00 ,420.90 ,160.00 ,91.20 ,276.60 ,643.20 ,625.80 ,4976.00 ,785.70 ,365.40 ,83.40 ,5629.49 
2020/4/23,110.10 ,73.20 ,116.70 ,165.60 ,252.40 ,328.50 ,751.20 ,234.00 ,118.80 ,138.30 ,279.90 ,179.10 ,4.50 ,2367.00 ,159.60 ,533.60 ,742.40 ,183.00 ,223.50 ,91.80 ,356.70 ,330.00 ,134.40 ,160.20 ,518.40 ,219.60 ,181.20 ,217.80 ,204.00 ,337.20 ,153.30 ,292.20 ,852.60 ,14.40 ,928.00 ,337.60 ,3084.00 ,180.00 ,117.45 ,305.70 ,676.40 ,390.75 ,0.15 ,1584.00 ,8.00 ,2886.00 ,0.00 ,9.60 ,1100.70 ,3061.20 ,328.65 ,0.40 ,1.64 ,4152.00 ,389.60 ,326.40 ,25.50 ,721.60 ,24.00 ,188.25 ,660.00 ,288.60 ,7.20 ,8.80 ,111.30 ,631.80 ,1762.20 ,295.20 ,2.00 ,20.40 ,444.00 ,376.00 ,157.80 ,1716.00 ,104.80 ,54.30 ,156.00 ,882.00 ,285.60 ,548.10 ,754.50 ,716.70 ,54.75 ,170.40 ,54.00 ,376.50 ,196.20 ,39.00 ,183.00 ,313.50 ,357.20 ,312.30 ,230.40 ,243.60 ,334.20 ,360.00 ,308.70 ,191.40 ,189.60 ,64.80 ,133.20 ,285.90 ,208.20 ,816.00 ,453.60 ,172.50 ,97.20 ,876.60 ,148.20 ,915.30 ,202.80 ,467.40 ,427.80 ,941.10 ,181.20 ,86.70 ,130.50 ,238.20 ,358.80 ,226.20 ,147.90 ,325.80 ,151.20 ,156.00 ,166.50 ,96.00 ,410.70 ,166.00 ,100.20 ,271.80 ,489.00 ,537.60 ,5150.40 ,739.50 ,343.20 ,85.80 ,6245.07 
2020/4/24,116.70 ,72.30 ,110.10 ,132.30 ,237.20 ,310.50 ,521.60 ,225.60 ,96.30 ,118.50 ,277.20 ,176.70 ,3.60 ,2204.40 ,258.00 ,469.20 ,748.40 ,184.20 ,230.70 ,111.90 ,314.40 ,288.30 ,122.40 ,150.60 ,492.00 ,208.80 ,182.40 ,223.20 ,969.00 ,307.20 ,139.50 ,286.80 ,841.80 ,12.60 ,1728.00 ,219.20 ,2388.00 ,180.00 ,102.60 ,292.80 ,629.20 ,385.95 ,0.30 ,1656.00 ,2.50 ,5850.00 ,84.00 ,9.60 ,1078.80 ,0.02 ,276.90 ,1.29 ,780.60 ,3960.00 ,297.60 ,296.00 ,19.50 ,677.60 ,19.80 ,161.25 ,160.00 ,206.40 ,15.20 ,15.20 ,217.65 ,718.80 ,1225.80 ,296.00 ,0.80 ,15.90 ,690.00 ,1680.00 ,142.65 ,1860.00 ,72.00 ,54.30 ,762.00 ,774.00 ,237.00 ,504.90 ,743.40 ,558.60 ,40.35 ,138.30 ,58.90 ,382.50 ,187.20 ,43.50 ,179.10 ,380.50 ,364.40 ,282.00 ,219.90 ,251.40 ,339.30 ,335.40 ,313.50 ,174.60 ,180.90 ,61.50 ,131.40 ,260.70 ,214.80 ,625.80 ,458.40 ,189.00 ,94.20 ,793.80 ,126.00 ,1352.40 ,227.70 ,493.50 ,363.00 ,825.30 ,200.00 ,98.10 ,120.30 ,226.80 ,328.80 ,211.20 ,147.90 ,362.40 ,150.60 ,148.50 ,167.40 ,96.00 ,387.60 ,146.00 ,99.00 ,270.00 ,499.50 ,512.40 ,5263.20 ,722.10 ,336.60 ,83.70 ,5339.61 
2020/4/25,120.60 ,72.00 ,99.60 ,120.90 ,236.80 ,325.50 ,496.00 ,226.80 ,97.80 ,142.80 ,294.00 ,180.90 ,4.50 ,1930.80 ,289.20 ,392.00 ,772.40 ,207.60 ,200.10 ,102.90 ,290.40 ,301.80 ,127.80 ,157.80 ,513.60 ,220.80 ,186.00 ,244.50 ,196.80 ,185.70 ,135.30 ,348.90 ,817.60 ,11.10 ,2632.00 ,332.00 ,2232.00 ,170.00 ,86.10 ,294.00 ,651.20 ,366.75 ,0.15 ,1920.00 ,8.50 ,3240.00 ,140.10 ,19.20 ,1101.90 ,3046.20 ,283.65 ,3.40 ,1.33 ,3450.00 ,252.00 ,203.20 ,10.20 ,557.60 ,17.40 ,128.85 ,123.20 ,143.40 ,254.40 ,8.80 ,197.55 ,687.00 ,554.40 ,215.20 ,2.80 ,11.70 ,642.00 ,1112.00 ,70.05 ,1386.00 ,68.00 ,68.70 ,2478.00 ,858.00 ,355.80 ,417.60 ,704.10 ,505.20 ,54.30 ,210.00 ,45.60 ,363.50 ,182.40 ,42.00 ,177.00 ,126.00 ,345.60 ,309.00 ,229.20 ,258.60 ,330.30 ,346.80 ,274.20 ,135.30 ,162.60 ,64.50 ,153.90 ,256.80 ,226.80 ,728.40 ,457.20 ,193.20 ,71.10 ,677.40 ,123.60 ,1285.20 ,227.70 ,458.10 ,399.30 ,757.20 ,174.40 ,94.20 ,125.70 ,220.20 ,312.00 ,210.60 ,146.40 ,335.40 ,148.80 ,134.40 ,194.70 ,93.00 ,353.40 ,142.00 ,91.80 ,275.40 ,591.90 ,572.40 ,5096.00 ,798.90 ,358.20 ,89.10 ,5467.61 
2020/4/26,150.60 ,65.70 ,95.70 ,100.80 ,250.00 ,310.80 ,470.80 ,197.70 ,99.30 ,145.80 ,266.40 ,163.50 ,3.90 ,2201.40 ,368.40 ,408.00 ,746.80 ,185.10 ,252.90 ,108.00 ,278.85 ,262.20 ,108.00 ,135.60 ,513.60 ,219.60 ,189.60 ,220.20 ,169.80 ,153.30 ,157.50 ,399.60 ,803.20 ,10.80 ,1488.00 ,652.80 ,1128.00 ,7750.00 ,78.90 ,237.30 ,624.40 ,380.85 ,0.15 ,1596.00 ,9.50 ,3054.00 ,690.00 ,9.60 ,1090.20 ,0.01 ,280.05 ,1.25 ,721.20 ,3864.00 ,233.60 ,434.40 ,11.70 ,561.60 ,22.05 ,71.40 ,343.20 ,22.80 ,195.20 ,5.60 ,146.55 ,682.20 ,1225.20 ,275.20 ,4.00 ,11.10 ,696.00 ,512.00 ,142.95 ,1548.00 ,77.60 ,16.80 ,114.00 ,858.00 ,255.00 ,496.80 ,716.10 ,600.90 ,49.50 ,143.70 ,52.40 ,322.50 ,192.60 ,51.30 ,163.80 ,304.50 ,352.00 ,306.60 ,236.10 ,207.00 ,292.50 ,315.60 ,260.10 ,133.80 ,184.80 ,57.90 ,143.70 ,235.50 ,206.40 ,1036.20 ,441.60 ,190.80 ,104.10 ,536.40 ,129.00 ,1257.90 ,207.30 ,439.20 ,365.10 ,771.60 ,192.80 ,91.20 ,111.30 ,192.00 ,310.80 ,193.20 ,139.50 ,330.00 ,142.20 ,144.60 ,173.10 ,88.00 ,364.80 ,153.00 ,95.40 ,250.20 ,503.10 ,550.80 ,4995.20 ,660.90 ,333.00 ,81.00 ,5116.25 
2020/4/27,163.50 ,59.40 ,98.40 ,116.70 ,217.20 ,323.40 ,466.00 ,201.90 ,86.70 ,156.30 ,242.70 ,159.00 ,4.50 ,2356.80 ,303.60 ,421.20 ,708.00 ,199.50 ,263.10 ,100.20 ,294.00 ,237.60 ,676.20 ,135.60 ,532.80 ,234.00 ,194.40 ,199.80 ,221.40 ,167.70 ,165.30 ,447.30 ,788.40 ,9.00 ,776.00 ,824.00 ,2124.00 ,2450.00 ,84.30 ,291.30 ,654.00 ,366.75 ,0.15 ,252.00 ,17.50 ,3444.00 ,65.40 ,20.80 ,1081.50 ,2653.20 ,268.50 ,3.20 ,9.77 ,4116.00 ,257.60 ,335.20 ,30.90 ,577.60 ,26.10 ,157.20 ,23.20 ,89.40 ,236.00 ,5.60 ,145.65 ,669.60 ,1102.20 ,212.00 ,0.00 ,15.60 ,576.00 ,272.00 ,58.05 ,1398.00 ,78.40 ,72.60 ,90.00 ,990.00 ,177.00 ,420.30 ,708.90 ,616.50 ,45.30 ,257.70 ,54.40 ,354.50 ,192.00 ,52.50 ,184.80 ,127.50 ,332.80 ,273.30 ,215.70 ,223.20 ,305.40 ,328.80 ,282.00 ,127.80 ,175.50 ,55.20 ,141.00 ,252.60 ,207.60 ,730.80 ,400.80 ,186.60 ,101.40 ,1310.40 ,114.00 ,1413.30 ,239.10 ,487.20 ,330.30 ,685.20 ,191.20 ,87.00 ,106.50 ,227.40 ,334.80 ,183.00 ,138.60 ,329.40 ,144.60 ,139.80 ,194.40 ,109.00 ,276.00 ,152.00 ,80.70 ,240.00 ,509.40 ,609.00 ,4555.20 ,726.00 ,361.50 ,81.30 ,4381.93 
2020/4/28,141.30 ,54.90 ,105.60 ,132.60 ,202.80 ,321.60 ,492.00 ,199.20 ,95.70 ,146.70 ,260.10 ,157.20 ,5.10 ,2326.20 ,381.60 ,436.00 ,700.00 ,175.20 ,206.70 ,108.30 ,275.85 ,267.30 ,835.80 ,141.00 ,549.60 ,252.00 ,198.00 ,201.00 ,630.00 ,167.10 ,120.00 ,444.00 ,835.40 ,11.40 ,1000.00 ,872.00 ,1428.00 ,4390.00 ,83.40 ,299.70 ,542.40 ,387.75 ,0.30 ,168.00 ,15.50 ,1248.00 ,204.00 ,9.60 ,1124.10 ,0.01 ,270.60 ,1.29 ,711.00 ,3576.00 ,112.00 ,317.60 ,18.30 ,586.40 ,21.00 ,167.55 ,356.00 ,195.00 ,212.00 ,6.40 ,148.95 ,693.60 ,1119.00 ,253.60 ,4.00 ,14.70 ,720.00 ,704.00 ,152.85 ,1182.00 ,75.20 ,49.50 ,84.00 ,846.00 ,131.40 ,466.50 ,720.30 ,490.80 ,43.65 ,285.90 ,47.10 ,401.50 ,196.20 ,54.60 ,263.70 ,444.00 ,327.60 ,268.50 ,210.30 ,213.60 ,308.40 ,327.60 ,275.40 ,129.00 ,163.50 ,56.10 ,189.00 ,273.60 ,216.60 ,553.20 ,398.40 ,173.40 ,87.60 ,871.20 ,116.40 ,1293.90 ,215.70 ,492.60 ,369.00 ,756.30 ,196.00 ,87.00 ,103.20 ,223.20 ,336.60 ,183.90 ,147.00 ,312.00 ,149.70 ,131.40 ,182.10 ,102.00 ,278.40 ,142.00 ,81.00 ,234.60 ,670.20 ,500.40 ,4705.60 ,731.70 ,355.50 ,81.60 ,5111.02 
2020/4/29,140.70 ,58.80 ,96.60 ,114.90 ,211.60 ,307.80 ,537.20 ,203.40 ,88.80 ,143.10 ,268.20 ,150.30 ,4.80 ,2350.80 ,544.80 ,434.00 ,738.40 ,175.80 ,195.90 ,105.60 ,279.30 ,276.00 ,829.20 ,129.60 ,592.80 ,248.40 ,207.60 ,209.10 ,631.20 ,283.80 ,116.10 ,423.30 ,843.80 ,10.50 ,776.00 ,1060.80 ,1464.00 ,6260.00 ,97.50 ,286.20 ,661.20 ,409.95 ,0.15 ,1272.00 ,11.50 ,3486.00 ,0.00 ,9.60 ,1142.10 ,2905.80 ,336.15 ,7.60 ,6.50 ,3516.00 ,293.60 ,323.20 ,12.60 ,602.40 ,28.35 ,175.50 ,17.60 ,198.60 ,308.80 ,7.20 ,183.60 ,759.00 ,1662.00 ,249.60 ,14.40 ,19.80 ,600.00 ,904.00 ,152.85 ,1482.00 ,89.60 ,69.90 ,144.00 ,864.00 ,159.00 ,477.30 ,688.20 ,504.90 ,48.30 ,316.80 ,49.10 ,388.50 ,198.00 ,66.30 ,229.80 ,73.50 ,347.20 ,263.10 ,204.30 ,211.20 ,306.90 ,331.80 ,275.10 ,129.60 ,159.60 ,52.20 ,184.20 ,238.20 ,216.60 ,574.80 ,404.40 ,185.70 ,110.40 ,620.40 ,124.80 ,1254.30 ,187.50 ,423.30 ,369.90 ,741.90 ,184.00 ,87.30 ,110.70 ,237.60 ,327.60 ,188.70 ,136.20 ,330.60 ,132.00 ,142.50 ,168.00 ,107.00 ,369.00 ,142.00 ,72.00 ,229.80 ,462.90 ,535.80 ,4950.40 ,642.90 ,353.40 ,79.80 ,4822.10 
2020/4/30,138.00 ,61.50 ,100.50 ,138.30 ,210.80 ,321.60 ,583.20 ,203.70 ,89.70 ,136.80 ,259.80 ,170.70 ,5.10 ,2326.80 ,432.00 ,412.80 ,718.40 ,198.90 ,199.50 ,94.50 ,284.70 ,306.30 ,863.40 ,156.00 ,628.80 ,308.40 ,223.20 ,229.20 ,645.60 ,208.80 ,132.00 ,441.00 ,848.80 ,9.00 ,2864.00 ,1043.20 ,1692.00 ,5200.00 ,93.60 ,258.90 ,638.80 ,410.25 ,0.15 ,1548.00 ,8.50 ,4926.00 ,102.00 ,16.00 ,1182.30 ,0.02 ,278.70 ,1.65 ,696.90 ,4614.00 ,275.20 ,292.80 ,36.60 ,588.00 ,22.95 ,142.80 ,576.00 ,217.20 ,242.40 ,8.80 ,116.70 ,755.40 ,1861.80 ,232.80 ,9.20 ,14.70 ,366.00 ,944.00 ,53.10 ,978.00 ,91.20 ,57.30 ,1422.00 ,858.00 ,97.80 ,526.50 ,693.30 ,433.50 ,48.00 ,380.10 ,57.60 ,383.50 ,190.80 ,66.30 ,226.80 ,22.50 ,330.40 ,264.60 ,215.70 ,205.20 ,287.10 ,340.20 ,294.90 ,138.30 ,144.00 ,55.80 ,196.20 ,269.70 ,226.80 ,502.80 ,422.40 ,161.70 ,92.70 ,618.00 ,129.00 ,1278.30 ,221.40 ,405.90 ,423.90 ,767.10 ,224.00 ,93.90 ,121.20 ,214.20 ,340.20 ,169.20 ,130.20 ,327.00 ,132.00 ,155.70 ,179.70 ,112.00 ,399.30 ,141.00 ,98.10 ,239.40 ,561.60 ,471.00 ,4580.00 ,657.30 ,346.20 ,84.60 ,5349.78 
2020/5/1,162.30 ,66.60 ,123.60 ,137.10 ,239.60 ,336.00 ,675.60 ,224.10 ,117.60 ,107.70 ,296.10 ,196.20 ,3.90 ,2049.60 ,409.20 ,383.60 ,777.60 ,196.20 ,179.70 ,121.20 ,309.75 ,361.80 ,833.40 ,169.20 ,475.20 ,189.60 ,152.40 ,291.90 ,611.40 ,202.20 ,137.70 ,345.30 ,794.40 ,9.90 ,384.00 ,1072.80 ,444.00 ,230.00 ,90.00 ,219.00 ,729.20 ,438.15 ,0.30 ,84.00 ,3.00 ,2046.00 ,140.10 ,15.20 ,1212.60 ,2933.40 ,233.70 ,3.80 ,5.10 ,3564.00 ,244.80 ,39.20 ,7.20 ,601.60 ,18.00 ,59.40 ,96.00 ,68.40 ,180.00 ,5.60 ,8.25 ,624.60 ,1174.20 ,28.80 ,8.80 ,12.60 ,36.00 ,160.00 ,5.10 ,1218.00 ,94.40 ,10.20 ,156.00 ,864.00 ,61.20 ,524.40 ,644.10 ,358.20 ,51.30 ,196.80 ,56.00 ,416.00 ,187.80 ,76.50 ,245.10 ,11.50 ,354.00 ,300.00 ,233.10 ,226.20 ,295.80 ,364.80 ,285.30 ,187.50 ,177.30 ,59.40 ,209.70 ,302.40 ,217.80 ,289.80 ,492.00 ,187.80 ,79.50 ,580.20 ,141.00 ,626.40 ,212.40 ,349.20 ,360.60 ,553.20 ,242.80 ,99.30 ,126.60 ,243.00 ,348.00 ,194.10 ,126.00 ,348.60 ,148.80 ,159.90 ,189.30 ,122.00 ,415.80 ,167.00 ,90.90 ,278.40 ,527.40 ,159.60 ,4228.00 ,544.50 ,386.70 ,93.90 ,4021.56 
2020/5/2,140.10 ,78.90 ,120.00 ,144.00 ,232.80 ,391.20 ,656.40 ,236.10 ,124.50 ,136.50 ,313.50 ,216.30 ,4.20 ,2216.40 ,388.80 ,379.20 ,804.80 ,202.80 ,207.60 ,99.60 ,361.50 ,393.60 ,913.20 ,174.60 ,554.40 ,235.20 ,188.40 ,266.70 ,155.40 ,209.70 ,150.90 ,314.40 ,821.60 ,10.50 ,1960.00 ,927.20 ,3240.00 ,6280.00 ,96.15 ,275.40 ,728.00 ,471.75 ,0.15 ,1932.00 ,3.00 ,3558.00 ,590.00 ,11.20 ,1229.40 ,0.02 ,329.55 ,1.28 ,779.10 ,3288.00 ,259.20 ,29.60 ,8.40 ,619.20 ,26.10 ,62.25 ,969.60 ,61.20 ,106.40 ,16.80 ,5.85 ,754.20 ,1237.20 ,261.60 ,6.40 ,14.40 ,48.00 ,648.00 ,137.55 ,1380.00 ,107.20 ,78.00 ,834.00 ,948.00 ,67.80 ,474.90 ,738.60 ,388.80 ,61.20 ,120.60 ,60.60 ,383.00 ,160.80 ,68.40 ,222.30 ,11.50 ,401.20 ,321.00 ,213.30 ,186.60 ,320.70 ,362.40 ,314.10 ,195.60 ,188.70 ,72.60 ,211.80 ,285.00 ,238.80 ,376.20 ,475.20 ,199.80 ,85.80 ,579.00 ,130.20 ,1195.50 ,201.90 ,369.60 ,390.60 ,563.70 ,323.20 ,102.60 ,139.50 ,262.20 ,355.80 ,220.80 ,135.90 ,357.00 ,372.90 ,161.40 ,213.00 ,152.00 ,391.50 ,151.00 ,96.60 ,288.00 ,547.20 ,174.60 ,4000.00 ,628.80 ,396.60 ,105.00 ,4133.04 
2020/5/3,141.60 ,71.10 ,119.10 ,148.80 ,248.00 ,386.70 ,647.20 ,271.80 ,122.10 ,130.50 ,289.80 ,239.70 ,4.80 ,2325.60 ,421.20 ,428.00 ,928.40 ,214.20 ,231.90 ,121.20 ,376.95 ,377.70 ,921.60 ,177.00 ,554.40 ,235.20 ,188.40 ,312.60 ,198.00 ,215.10 ,152.70 ,305.40 ,799.20 ,9.00 ,1960.00 ,1243.20 ,3240.00 ,6280.00 ,127.20 ,290.10 ,745.60 ,502.20 ,0.15 ,1932.00 ,11.00 ,3558.00 ,55.50 ,16.80 ,1256.10 ,3073.80 ,325.50 ,4.60 ,0.65 ,3288.00 ,304.00 ,303.20 ,28.80 ,631.20 ,27.90 ,74.70 ,432.80 ,239.40 ,200.80 ,11.20 ,4.35 ,631.20 ,1239.60 ,213.60 ,6.80 ,16.50 ,402.00 ,648.00 ,48.00 ,1380.00 ,119.20 ,63.60 ,834.00 ,852.00 ,63.00 ,500.10 ,755.10 ,378.00 ,62.85 ,288.90 ,65.80 ,420.50 ,186.00 ,87.60 ,209.70 ,25.00 ,375.20 ,317.40 ,245.10 ,204.60 ,312.00 ,337.80 ,314.40 ,175.20 ,201.30 ,79.20 ,220.50 ,351.00 ,247.20 ,554.40 ,487.20 ,216.60 ,83.70 ,646.20 ,145.80 ,1177.20 ,184.50 ,459.60 ,432.60 ,785.40 ,284.00 ,101.40 ,139.80 ,269.40 ,397.80 ,245.10 ,150.30 ,397.20 ,372.30 ,171.60 ,223.80 ,146.00 ,463.20 ,170.00 ,108.90 ,280.20 ,554.40 ,600.60 ,4216.80 ,714.30 ,394.20 ,93.30 ,5291.99 
2020/5/4,150.30 ,75.00 ,165.90 ,158.40 ,256.80 ,347.10 ,690.40 ,250.50 ,138.30 ,191.70 ,307.20 ,283.50 ,3.60 ,2431.80 ,495.60 ,430.00 ,915.20 ,234.30 ,237.30 ,113.10 ,376.50 ,431.40 ,840.60 ,176.40 ,544.80 ,242.40 ,205.20 ,290.70 ,280.80 ,358.20 ,156.00 ,311.10 ,839.80 ,11.10 ,1992.00 ,1208.00 ,2316.00 ,8620.00 ,104.85 ,323.10 ,833.60 ,480.60 ,0.30 ,2460.00 ,12.00 ,2910.00 ,204.00 ,12.80 ,1310.40 ,0.01 ,289.50 ,1.28 ,0.30 ,3948.00 ,380.80 ,299.20 ,36.30 ,614.40 ,26.25 ,177.30 ,9.60 ,246.00 ,124.00 ,143.20 ,173.55 ,733.80 ,1248.60 ,252.00 ,8.80 ,30.30 ,420.00 ,2464.00 ,62.85 ,1656.00 ,141.60 ,93.90 ,168.00 ,870.00 ,54.00 ,506.70 ,784.50 ,605.40 ,60.90 ,303.00 ,67.30 ,466.50 ,186.60 ,101.40 ,231.90 ,4.50 ,404.80 ,342.60 ,273.30 ,250.20 ,328.50 ,357.60 ,387.90 ,176.10 ,223.80 ,72.30 ,262.20 ,345.30 ,282.00 ,559.80 ,501.60 ,225.00 ,87.30 ,997.20 ,145.80 ,1458.00 ,219.00 ,596.40 ,452.40 ,871.50 ,448.80 ,120.90 ,145.20 ,285.60 ,354.00 ,278.10 ,153.60 ,415.20 ,174.90 ,182.40 ,205.50 ,144.00 ,429.00 ,206.00 ,113.40 ,304.20 ,610.20 ,388.80 ,3631.20 ,786.60 ,434.40 ,91.20 ,6674.47 
2020/5/5,130.50 ,53.70 ,70.80 ,207.90 ,144.80 ,200.40 ,428.00 ,127.80 ,74.40 ,125.70 ,186.30 ,92.40 ,0.90 ,2059.80 ,343.20 ,316.40 ,646.80 ,102.00 ,210.30 ,105.60 ,324.90 ,304.80 ,788.40 ,159.00 ,525.60 ,213.60 ,180.00 ,196.80 ,921.60 ,188.10 ,131.10 ,284.40 ,731.40 ,9.60 ,1936.00 ,467.20 ,1560.00 ,5720.00 ,106.05 ,263.40 ,523.20 ,463.80 ,0.15 ,1560.00 ,8.00 ,5118.00 ,0.00 ,9.60 ,1085.70 ,2994.00 ,257.70 ,4.00 ,0.57 ,3972.00 ,160.00 ,28.80 ,27.30 ,408.80 ,16.50 ,233.70 ,6.40 ,278.40 ,22.40 ,128.80 ,39.45 ,723.60 ,219.60 ,44.00 ,6.00 ,16.50 ,696.00 ,1464.00 ,107.25 ,810.00 ,88.00 ,99.00 ,540.00 ,822.00 ,261.00 ,491.10 ,583.20 ,531.90 ,27.75 ,31.20 ,43.80 ,220.00 ,103.20 ,94.80 ,133.80 ,10.50 ,288.00 ,313.50 ,243.00 ,210.00 ,297.30 ,206.40 ,217.50 ,84.90 ,106.50 ,44.10 ,120.90 ,227.10 ,204.00 ,845.40 ,422.40 ,186.00 ,60.90 ,480.00 ,116.40 ,846.00 ,214.80 ,548.40 ,393.60 ,692.70 ,22.00 ,84.30 ,173.40 ,96.60 ,171.60 ,726.60 ,146.70 ,397.80 ,530.10 ,75.60 ,77.10 ,52.00 ,232.20 ,76.00 ,35.70 ,129.00 ,265.50 ,288.60 ,3207.20 ,654.30 ,344.10 ,55.80 ,2942.97 
2020/5/6,116.40 ,69.30 ,116.40 ,138.60 ,212.00 ,335.70 ,768.80 ,229.20 ,90.30 ,157.50 ,262.50 ,202.80 ,5.40 ,2422.20 ,374.40 ,440.40 ,742.00 ,181.80 ,234.90 ,315.90 ,293.55 ,308.40 ,930.00 ,139.80 ,499.20 ,223.20 ,187.20 ,243.30 ,198.60 ,305.40 ,130.80 ,278.10 ,749.20 ,12.00 ,1224.00 ,1027.20 ,2268.00 ,6870.00 ,117.00 ,290.40 ,701.20 ,409.50 ,0.30 ,1164.00 ,2.50 ,3630.00 ,90.00 ,10.40 ,1188.30 ,0.02 ,318.75 ,1.30 ,39.00 ,4260.00 ,341.60 ,311.20 ,20.10 ,629.60 ,22.50 ,193.05 ,3.20 ,322.80 ,134.40 ,116.00 ,182.25 ,749.40 ,1155.00 ,262.40 ,6.80 ,11.40 ,768.00 ,2472.00 ,253.65 ,1200.00 ,99.20 ,53.40 ,2682.00 ,804.00 ,213.00 ,459.00 ,700.80 ,741.00 ,53.85 ,195.60 ,50.60 ,497.00 ,139.80 ,81.30 ,229.50 ,224.00 ,328.00 ,275.40 ,196.50 ,229.20 ,281.10 ,360.00 ,259.50 ,170.40 ,126.60 ,76.80 ,177.30 ,247.50 ,202.20 ,943.80 ,434.40 ,223.50 ,109.20 ,868.80 ,118.20 ,1410.60 ,198.90 ,444.30 ,429.30 ,796.80 ,214.40 ,98.10 ,114.30 ,292.80 ,369.00 ,497.40 ,147.30 ,358.80 ,169.50 ,156.60 ,171.00 ,142.00 ,691.80 ,167.00 ,84.60 ,337.20 ,506.10 ,319.80 ,3955.20 ,757.50 ,327.90 ,87.90 ,6242.27 
2020/5/7,116.40 ,69.30 ,116.40 ,138.60 ,212.00 ,335.70 ,768.80 ,229.20 ,90.30 ,157.50 ,262.50 ,202.80 ,5.40 ,2422.20 ,374.40 ,440.40 ,742.00 ,181.80 ,234.90 ,315.90 ,293.55 ,308.40 ,930.00 ,139.80 ,511.20 ,220.80 ,177.60 ,243.30 ,198.60 ,305.40 ,130.80 ,278.10 ,749.20 ,12.00 ,1576.00 ,1027.20 ,1584.00 ,9320.00 ,117.00 ,290.40 ,701.20 ,409.50 ,0.30 ,2208.00 ,2.50 ,3084.00 ,139.80 ,10.40 ,1188.30 ,2932.20 ,318.75 ,1.40 ,3.24 ,4716.00 ,341.60 ,311.20 ,20.10 ,629.60 ,22.50 ,193.05 ,3.20 ,322.80 ,134.40 ,116.00 ,182.25 ,749.40 ,1155.00 ,262.40 ,6.80 ,11.40 ,768.00 ,2080.00 ,253.65 ,1548.00 ,99.20 ,53.40 ,684.00 ,990.00 ,213.00 ,459.00 ,700.80 ,741.00 ,53.85 ,195.60 ,50.60 ,497.00 ,139.80 ,81.30 ,229.50 ,224.00 ,328.00 ,275.40 ,196.50 ,229.20 ,281.10 ,360.00 ,259.50 ,170.40 ,126.60 ,76.80 ,177.30 ,247.50 ,202.20 ,943.80 ,434.40 ,223.50 ,109.20 ,868.80 ,118.20 ,1410.60 ,198.90 ,444.30 ,429.30 ,796.80 ,214.40 ,98.10 ,114.30 ,292.80 ,369.00 ,497.40 ,147.30 ,358.80 ,169.50 ,156.60 ,171.00 ,142.00 ,691.80 ,167.00 ,84.60 ,337.20 ,506.10 ,319.80 ,3955.20 ,757.50 ,327.90 ,87.90 ,7187.64 
2020/5/8,123.30 ,70.20 ,110.10 ,128.10 ,220.80 ,313.50 ,602.40 ,229.20 ,85.20 ,143.70 ,275.70 ,182.40 ,5.40 ,2661.00 ,484.80 ,777.60 ,776.00 ,188.40 ,200.70 ,97.50 ,288.15 ,327.60 ,915.60 ,148.80 ,499.20 ,230.40 ,181.20 ,248.10 ,1219.20 ,194.70 ,160.20 ,275.70 ,829.80 ,12.90 ,2304.00 ,1122.40 ,2388.00 ,7350.00 ,97.65 ,295.50 ,724.80 ,437.70 ,0.30 ,2160.00 ,20.00 ,5106.00 ,600.00 ,8.00 ,1259.40 ,0.01 ,335.25 ,1.29 ,574.80 ,3780.00 ,754.40 ,304.80 ,24.00 ,38.40 ,24.75 ,176.10 ,5.60 ,302.40 ,60.00 ,8.00 ,261.60 ,786.00 ,1324.20 ,220.80 ,1.60 ,22.80 ,264.00 ,2240.00 ,328.35 ,852.00 ,124.00 ,110.70 ,1626.00 ,840.00 ,97.20 ,546.30 ,752.10 ,804.30 ,50.25 ,194.10 ,57.60 ,445.00 ,190.80 ,120.00 ,236.70 ,373.50 ,360.00 ,286.80 ,217.80 ,209.40 ,305.10 ,349.20 ,380.10 ,345.30 ,145.80 ,63.00 ,205.20 ,287.10 ,229.80 ,985.20 ,500.40 ,170.10 ,113.10 ,1297.20 ,132.00 ,1421.40 ,205.50 ,510.30 ,398.10 ,950.10 ,202.40 ,95.10 ,123.30 ,223.80 ,360.60 ,236.10 ,167.70 ,360.60 ,147.30 ,154.80 ,207.30 ,121.00 ,416.70 ,173.00 ,94.20 ,497.40 ,801.90 ,426.00 ,4033.60 ,865.50 ,398.40 ,78.30 ,7808.81 
2020/5/9,114.00 ,65.10 ,104.10 ,140.70 ,212.40 ,294.30 ,690.40 ,233.40 ,89.10 ,134.10 ,279.90 ,179.10 ,4.20 ,2301.60 ,432.00 ,520.80 ,692.80 ,168.30 ,230.10 ,91.50 ,314.55 ,306.00 ,903.00 ,147.00 ,508.80 ,234.00 ,180.00 ,238.20 ,148.20 ,222.00 ,128.10 ,289.80 ,838.00 ,12.30 ,2296.00 ,1377.60 ,1944.00 ,9840.00 ,91.35 ,297.30 ,727.20 ,410.40 ,0.15 ,2208.00 ,13.50 ,2118.00 ,53.70 ,12.00 ,1177.80 ,2374.80 ,299.55 ,0.60 ,6.17 ,4602.00 ,601.60 ,321.60 ,20.70 ,606.40 ,24.00 ,107.10 ,519.20 ,320.40 ,96.80 ,4.80 ,220.50 ,791.40 ,1264.20 ,266.40 ,9.60 ,17.70 ,606.00 ,1776.00 ,364.50 ,1482.00 ,84.00 ,108.00 ,2682.00 ,846.00 ,297.60 ,501.90 ,698.10 ,685.80 ,59.25 ,305.10 ,50.60 ,409.50 ,148.80 ,50.70 ,186.60 ,273.50 ,336.40 ,273.60 ,210.30 ,201.00 ,287.70 ,333.00 ,273.60 ,156.60 ,153.00 ,62.70 ,191.70 ,265.20 ,208.80 ,945.00 ,466.80 ,162.90 ,105.00 ,814.80 ,126.00 ,1316.40 ,198.30 ,479.10 ,396.60 ,784.20 ,208.80 ,93.00 ,115.80 ,235.20 ,354.00 ,222.90 ,143.10 ,350.40 ,132.30 ,146.70 ,201.60 ,106.00 ,383.40 ,149.00 ,71.70 ,243.00 ,479.10 ,454.20 ,3943.20 ,693.90 ,347.10 ,82.20 ,6188.53 
2020/5/10,111.60 ,69.30 ,105.00 ,126.90 ,225.20 ,313.80 ,598.40 ,225.90 ,91.20 ,148.80 ,251.40 ,193.20 ,4.50 ,2056.20 ,332.40 ,381.60 ,727.20 ,176.10 ,251.70 ,92.10 ,334.65 ,308.40 ,903.60 ,139.20 ,559.20 ,259.20 ,192.00 ,222.90 ,262.20 ,263.70 ,118.50 ,322.80 ,824.20 ,9.90 ,1552.00 ,1186.40 ,3288.00 ,1480.00 ,85.05 ,267.00 ,672.40 ,418.80 ,0.15 ,2556.00 ,13.50 ,5070.00 ,203.20 ,16.80 ,1154.10 ,0.02 ,375.60 ,1.29 ,663.60 ,3900.00 ,500.80 ,300.00 ,30.30 ,685.60 ,19.20 ,72.00 ,825.60 ,291.60 ,170.40 ,118.40 ,184.35 ,790.80 ,1029.60 ,213.60 ,4.80 ,17.10 ,384.00 ,424.00 ,247.95 ,1632.00 ,87.20 ,84.30 ,768.00 ,828.00 ,544.80 ,526.20 ,644.10 ,699.00 ,64.50 ,178.20 ,51.60 ,405.00 ,138.60 ,48.90 ,153.30 ,249.00 ,333.60 ,271.20 ,206.10 ,217.80 ,311.40 ,328.80 ,248.70 ,156.30 ,141.90 ,68.70 ,198.90 ,233.10 ,232.80 ,1035.00 ,476.40 ,173.70 ,71.10 ,689.40 ,127.80 ,1354.50 ,219.90 ,456.30 ,356.40 ,783.00 ,202.40 ,88.50 ,122.70 ,237.60 ,327.00 ,241.80 ,148.80 ,366.60 ,138.60 ,141.90 ,159.30 ,107.00 ,404.70 ,155.00 ,99.90 ,274.80 ,782.10 ,469.20 ,3800.00 ,655.20 ,354.60 ,98.10 ,6622.80 
2020/5/11,131.40 ,56.40 ,102.00 ,119.70 ,222.40 ,309.30 ,546.80 ,220.20 ,89.70 ,161.40 ,256.50 ,201.30 ,4.80 ,2326.80 ,282.00 ,494.00 ,711.60 ,164.70 ,237.30 ,115.80 ,300.30 ,280.20 ,805.80 ,136.80 ,554.40 ,244.80 ,193.20 ,207.60 ,1157.40 ,226.80 ,119.10 ,379.80 ,792.20 ,9.00 ,2520.00 ,1331.20 ,3336.00 ,8690.00 ,93.60 ,283.20 ,629.20 ,405.90 ,0.30 ,1128.00 ,12.00 ,2346.00 ,0.00 ,15.20 ,1137.00 ,2775.60 ,424.80 ,0.20 ,7.29 ,4020.00 ,572.00 ,285.60 ,23.70 ,432.80 ,27.60 ,171.00 ,744.00 ,317.40 ,153.60 ,116.80 ,188.85 ,781.80 ,1194.60 ,250.40 ,7.20 ,16.80 ,678.00 ,224.00 ,299.40 ,1344.00 ,100.80 ,112.50 ,726.00 ,768.00 ,511.80 ,618.90 ,652.50 ,561.90 ,54.30 ,239.10 ,47.50 ,423.00 ,139.20 ,75.30 ,162.00 ,272.50 ,321.60 ,257.40 ,226.20 ,241.80 ,281.10 ,322.80 ,261.30 ,156.60 ,175.50 ,64.50 ,163.20 ,235.20 ,212.40 ,1029.00 ,452.40 ,169.20 ,109.80 ,685.20 ,108.60 ,1239.60 ,195.60 ,453.00 ,356.40 ,791.10 ,181.60 ,87.60 ,112.20 ,186.60 ,358.20 ,234.30 ,148.50 ,337.20 ,135.30 ,137.40 ,168.00 ,114.00 ,405.30 ,148.00 ,91.80 ,232.80 ,792.00 ,448.80 ,4124.00 ,618.30 ,302.10 ,83.10 ,6929.50 
2020/5/12,130.20 ,56.70 ,101.70 ,113.10 ,240.00 ,301.80 ,462.40 ,216.60 ,87.00 ,143.10 ,253.50 ,177.90 ,4.80 ,2383.80 ,388.80 ,466.40 ,677.60 ,185.10 ,229.80 ,108.00 ,276.45 ,279.00 ,844.20 ,139.20 ,566.40 ,254.40 ,204.00 ,213.00 ,928.20 ,406.50 ,114.90 ,349.80 ,810.00 ,10.80 ,3016.00 ,1545.60 ,2808.00 ,6440.00 ,86.85 ,272.70 ,663.20 ,399.75 ,0.15 ,1536.00 ,9.50 ,3222.00 ,78.00 ,12.00 ,1142.70 ,0.01 ,352.05 ,1.28 ,815.10 ,4092.00 ,535.20 ,288.00 ,17.70 ,652.80 ,34.50 ,180.60 ,1332.00 ,215.40 ,62.40 ,122.40 ,240.90 ,757.20 ,1178.40 ,228.00 ,6.00 ,12.30 ,612.00 ,192.00 ,324.90 ,48.00 ,95.20 ,134.10 ,2010.00 ,810.00 ,358.20 ,493.50 ,663.90 ,715.20 ,52.05 ,232.80 ,48.40 ,417.00 ,151.20 ,84.60 ,162.30 ,34.00 ,346.40 ,284.70 ,225.60 ,223.20 ,287.10 ,307.20 ,259.80 ,159.30 ,163.20 ,58.50 ,153.00 ,236.10 ,209.40 ,964.80 ,463.20 ,169.20 ,91.50 ,679.20 ,120.00 ,1115.40 ,200.70 ,456.00 ,369.30 ,718.80 ,220.40 ,80.40 ,109.80 ,196.80 ,321.60 ,235.80 ,141.00 ,358.20 ,139.20 ,130.50 ,181.20 ,105.00 ,375.60 ,136.00 ,87.30 ,243.60 ,555.00 ,404.40 ,4146.40 ,660.90 ,379.80 ,71.70 ,7745.76 
2020/5/13,119.40 ,54.00 ,91.80 ,107.40 ,210.40 ,300.60 ,522.00 ,199.50 ,81.30 ,141.00 ,250.20 ,157.80 ,4.80 ,2352.00 ,260.40 ,462.00 ,760.00 ,160.20 ,219.60 ,87.60 ,268.95 ,332.40 ,912.00 ,139.20 ,568.80 ,292.80 ,205.20 ,206.10 ,532.20 ,388.20 ,120.00 ,328.80 ,746.80 ,8.70 ,1432.00 ,2048.00 ,2196.00 ,5840.00 ,103.50 ,285.00 ,686.80 ,395.10 ,0.15 ,1764.00 ,14.00 ,3708.00 ,139.20 ,16.80 ,1140.30 ,3115.80 ,361.05 ,2.20 ,4.02 ,3510.00 ,513.60 ,34.40 ,19.50 ,588.80 ,37.35 ,171.30 ,1299.20 ,280.20 ,211.20 ,134.40 ,305.55 ,774.60 ,1136.40 ,189.60 ,10.40 ,17.70 ,480.00 ,176.00 ,375.60 ,1362.00 ,106.40 ,98.10 ,912.00 ,840.00 ,64.20 ,471.00 ,671.40 ,756.00 ,50.70 ,306.60 ,48.40 ,397.00 ,146.40 ,81.00 ,162.00 ,121.50 ,336.80 ,268.80 ,196.20 ,222.00 ,281.70 ,312.60 ,256.80 ,132.00 ,150.30 ,56.10 ,175.80 ,247.50 ,214.20 ,867.00 ,462.00 ,164.10 ,106.20 ,705.00 ,125.40 ,833.10 ,214.20 ,476.40 ,355.80 ,737.40 ,228.40 ,84.90 ,112.50 ,195.00 ,331.20 ,234.00 ,152.10 ,355.20 ,140.40 ,140.40 ,182.10 ,109.00 ,298.50 ,143.00 ,84.60 ,223.20 ,702.00 ,457.20 ,4121.60 ,744.30 ,361.80 ,70.50 ,7911.65 
2020/5/14,135.90 ,62.40 ,101.40 ,107.10 ,214.00 ,328.20 ,762.80 ,228.30 ,84.30 ,110.40 ,265.80 ,189.60 ,3.60 ,2468.40 ,363.60 ,588.00 ,754.80 ,207.30 ,225.30 ,121.50 ,289.80 ,336.00 ,851.40 ,135.60 ,602.40 ,286.80 ,212.40 ,234.60 ,671.40 ,333.90 ,121.20 ,288.90 ,799.40 ,10.80 ,2512.00 ,2095.20 ,1416.00 ,5900.00 ,89.85 ,276.90 ,749.20 ,411.75 ,0.15 ,2412.00 ,15.00 ,3636.00 ,560.00 ,20.00 ,1277.40 ,0.02 ,371.40 ,1.49 ,690.00 ,3540.00 ,580.00 ,305.60 ,27.00 ,628.80 ,38.70 ,126.00 ,640.80 ,316.20 ,128.80 ,129.60 ,262.35 ,826.20 ,1705.20 ,228.00 ,7.60 ,20.10 ,576.00 ,1032.00 ,339.45 ,1170.00 ,139.20 ,105.00 ,288.00 ,858.00 ,121.80 ,564.00 ,689.40 ,772.50 ,57.00 ,255.60 ,55.10 ,420.50 ,160.20 ,76.80 ,177.30 ,217.00 ,353.20 ,267.90 ,199.20 ,240.60 ,267.60 ,318.60 ,332.70 ,145.50 ,143.40 ,57.90 ,178.20 ,239.10 ,222.00 ,1021.80 ,476.40 ,171.60 ,106.50 ,848.40 ,112.20 ,807.30 ,199.80 ,445.80 ,373.20 ,896.70 ,264.00 ,93.60 ,118.20 ,204.60 ,334.20 ,226.80 ,138.30 ,359.40 ,146.10 ,141.00 ,166.80 ,115.00 ,275.10 ,151.00 ,87.00 ,255.00 ,727.50 ,486.60 ,4199.20 ,801.30 ,344.40 ,71.10 ,6896.49 
2020/5/15,126.60 ,58.80 ,185.40 ,118.20 ,220.00 ,284.40 ,652.40 ,200.70 ,77.70 ,101.40 ,251.10 ,185.40 ,4.50 ,2434.20 ,219.60 ,499.60 ,658.40 ,153.90 ,248.40 ,93.30 ,287.70 ,328.50 ,878.40 ,148.20 ,564.00 ,267.60 ,231.60 ,174.00 ,767.40 ,304.20 ,132.60 ,309.90 ,741.20 ,13.50 ,2712.00 ,2317.60 ,2268.00 ,5780.00 ,95.70 ,269.70 ,686.40 ,395.55 ,0.30 ,2148.00 ,15.00 ,4986.00 ,59.10 ,8.80 ,1208.10 ,2899.20 ,389.10 ,1.40 ,5.49 ,3156.00 ,434.40 ,290.40 ,19.80 ,644.00 ,36.45 ,166.80 ,1049.60 ,343.20 ,95.20 ,52.00 ,222.00 ,840.60 ,2036.40 ,248.80 ,7.20 ,21.90 ,630.00 ,1544.00 ,277.80 ,1668.00 ,84.80 ,119.40 ,240.00 ,840.00 ,84.60 ,579.30 ,696.00 ,699.30 ,50.25 ,227.10 ,50.80 ,413.00 ,113.40 ,37.20 ,154.50 ,33.50 ,349.20 ,286.80 ,201.00 ,218.40 ,287.70 ,330.00 ,302.70 ,150.60 ,124.20 ,49.20 ,147.90 ,499.80 ,195.00 ,899.40 ,457.20 ,161.70 ,106.20 ,697.20 ,119.40 ,816.30 ,174.00 ,466.50 ,385.80 ,677.40 ,231.60 ,87.90 ,109.50 ,185.40 ,329.40 ,225.00 ,132.30 ,334.20 ,136.50 ,135.30 ,159.60 ,111.00 ,260.40 ,133.00 ,70.20 ,234.00 ,787.20 ,556.20 ,4547.20 ,776.70 ,385.50 ,69.90 ,7526.31 
2020/5/16,124.80 ,63.90 ,178.20 ,120.90 ,219.20 ,319.20 ,610.00 ,212.40 ,75.60 ,129.60 ,256.50 ,204.60 ,3.60 ,2353.20 ,260.40 ,390.40 ,712.80 ,171.90 ,270.30 ,92.10 ,286.65 ,322.20 ,874.20 ,150.60 ,568.80 ,274.80 ,202.80 ,216.00 ,695.40 ,342.60 ,123.30 ,316.50 ,748.20 ,12.90 ,3056.00 ,2460.00 ,1992.00 ,7520.00 ,94.35 ,283.20 ,699.20 ,407.70 ,0.15 ,1656.00 ,12.50 ,1962.00 ,204.00 ,9.60 ,1233.00 ,0.01 ,408.30 ,1.27 ,791.40 ,3570.00 ,512.00 ,46.40 ,27.00 ,653.60 ,23.70 ,70.50 ,1319.20 ,375.60 ,162.40 ,10.40 ,266.40 ,777.00 ,1857.00 ,254.40 ,6.00 ,24.30 ,408.00 ,2216.00 ,290.85 ,1410.00 ,113.60 ,123.00 ,426.00 ,882.00 ,73.80 ,542.70 ,710.70 ,705.60 ,53.70 ,112.50 ,52.20 ,421.00 ,136.20 ,57.00 ,166.20 ,53.00 ,358.80 ,311.10 ,219.60 ,217.20 ,299.70 ,343.80 ,294.30 ,150.60 ,150.30 ,59.40 ,152.40 ,784.50 ,215.40 ,718.20 ,448.80 ,184.50 ,107.10 ,834.00 ,126.60 ,971.10 ,181.50 ,484.50 ,402.90 ,766.50 ,246.40 ,90.00 ,134.40 ,219.60 ,331.20 ,221.10 ,143.10 ,376.20 ,141.30 ,150.60 ,165.90 ,110.00 ,282.90 ,147.00 ,61.20 ,265.20 ,650.40 ,701.40 ,4465.60 ,759.30 ,366.00 ,75.30 ,7715.44 
2020/5/17,129.00 ,64.80 ,145.20 ,121.20 ,235.20 ,324.90 ,572.40 ,222.30 ,81.60 ,106.80 ,282.90 ,273.00 ,3.90 ,2140.80 ,391.20 ,368.00 ,772.80 ,188.40 ,225.30 ,99.30 ,314.10 ,318.00 ,925.80 ,150.00 ,564.00 ,240.00 ,196.80 ,268.80 ,293.40 ,322.50 ,154.20 ,369.00 ,740.80 ,12.60 ,2960.00 ,2633.60 ,1500.00 ,6560.00 ,99.00 ,297.30 ,773.60 ,430.20 ,0.30 ,1404.00 ,10.50 ,3780.00 ,0.00 ,9.60 ,1218.00 ,2776.20 ,351.30 ,1.20 ,3.51 ,3468.00 ,394.40 ,282.40 ,11.70 ,633.60 ,17.25 ,101.10 ,641.60 ,163.20 ,168.80 ,7.20 ,281.10 ,820.20 ,1155.60 ,242.40 ,16.00 ,15.90 ,462.00 ,168.00 ,351.15 ,1518.00 ,129.60 ,99.30 ,3162.00 ,894.00 ,60.00 ,507.30 ,681.00 ,683.70 ,59.85 ,163.50 ,55.90 ,414.00 ,175.20 ,94.50 ,186.00 ,702.00 ,367.60 ,309.30 ,235.20 ,204.60 ,312.60 ,344.40 ,354.90 ,140.70 ,136.20 ,67.20 ,197.40 ,787.50 ,225.00 ,733.80 ,478.80 ,172.80 ,75.60 ,705.60 ,138.00 ,1046.40 ,202.80 ,438.30 ,426.30 ,840.00 ,261.60 ,96.00 ,137.10 ,245.40 ,332.40 ,255.00 ,129.00 ,382.80 ,156.00 ,134.40 ,165.30 ,109.00 ,407.40 ,156.00 ,61.20 ,262.20 ,600.60 ,552.00 ,4463.20 ,660.00 ,340.20 ,89.10 ,7551.58 
2020/5/18,143.40 ,66.30 ,123.60 ,116.40 ,244.00 ,311.70 ,509.60 ,205.80 ,86.70 ,138.00 ,286.50 ,225.00 ,3.60 ,2557.20 ,697.20 ,534.00 ,736.80 ,189.60 ,248.40 ,111.90 ,316.95 ,291.30 ,883.20 ,150.60 ,530.40 ,226.80 ,189.60 ,217.50 ,213.60 ,339.90 ,158.10 ,409.50 ,808.20 ,14.70 ,3008.00 ,2609.60 ,2064.00 ,7740.00 ,88.05 ,301.20 ,820.00 ,374.10 ,0.15 ,2076.00 ,10.00 ,3762.00 ,90.00 ,11.20 ,1278.30 ,0.02 ,379.20 ,1.31 ,635.70 ,3636.00 ,468.00 ,300.80 ,28.50 ,668.80 ,24.30 ,216.30 ,1515.20 ,393.00 ,125.60 ,136.80 ,253.80 ,703.80 ,1215.00 ,262.40 ,24.00 ,21.30 ,690.00 ,160.00 ,229.35 ,1704.00 ,162.40 ,90.60 ,1050.00 ,822.00 ,86.40 ,504.30 ,723.30 ,657.00 ,59.10 ,207.30 ,55.50 ,511.50 ,194.40 ,111.60 ,183.30 ,143.00 ,366.00 ,325.20 ,243.30 ,228.60 ,300.00 ,337.20 ,361.20 ,152.40 ,171.00 ,66.90 ,217.20 ,512.40 ,242.40 ,803.40 ,493.20 ,189.90 ,119.40 ,853.80 ,119.40 ,1512.60 ,203.10 ,559.20 ,383.40 ,981.60 ,201.20 ,102.30 ,133.80 ,238.20 ,353.40 ,315.60 ,127.50 ,387.60 ,156.30 ,154.80 ,161.10 ,127.00 ,431.40 ,140.00 ,64.50 ,250.80 ,570.00 ,527.40 ,4361.60 ,751.50 ,351.30 ,84.60 ,8167.62 
2020/5/19,123.60 ,62.10 ,114.60 ,97.80 ,236.40 ,309.90 ,495.20 ,204.60 ,88.20 ,138.60 ,255.30 ,179.70 ,3.90 ,2547.00 ,514.80 ,488.00 ,707.60 ,170.70 ,269.40 ,95.70 ,302.70 ,270.30 ,882.00 ,147.60 ,549.60 ,242.40 ,199.20 ,223.80 ,559.20 ,294.60 ,136.20 ,321.00 ,766.40 ,12.60 ,3312.00 ,2472.80 ,3588.00 ,7720.00 ,101.55 ,303.60 ,778.00 ,369.00 ,0.30 ,456.00 ,7.50 ,3846.00 ,138.90 ,12.00 ,1269.00 ,2897.40 ,326.10 ,0.80 ,0.49 ,4122.00 ,363.20 ,283.20 ,39.60 ,636.00 ,25.65 ,161.10 ,1840.80 ,333.60 ,225.60 ,139.20 ,275.25 ,721.80 ,1434.00 ,274.40 ,6.80 ,10.20 ,420.00 ,312.00 ,108.00 ,702.00 ,119.20 ,104.10 ,1032.00 ,942.00 ,79.20 ,505.50 ,684.00 ,537.60 ,55.65 ,208.50 ,53.30 ,481.00 ,168.60 ,96.60 ,186.00 ,36.50 ,355.60 ,300.60 ,232.50 ,196.20 ,291.30 ,315.00 ,372.90 ,155.70 ,162.30 ,61.20 ,193.20 ,301.20 ,225.00 ,839.40 ,438.00 ,175.20 ,106.80 ,789.00 ,116.40 ,1070.70 ,207.30 ,458.70 ,338.40 ,1041.90 ,279.60 ,96.90 ,130.50 ,220.20 ,351.00 ,249.60 ,143.70 ,386.40 ,153.00 ,158.40 ,181.20 ,106.00 ,378.00 ,155.00 ,91.20 ,222.60 ,736.50 ,472.20 ,4109.60 ,694.20 ,349.50 ,78.90 ,7776.22 
2020/5/20,116.10 ,60.30 ,120.00 ,120.90 ,215.60 ,298.80 ,609.20 ,201.60 ,82.50 ,125.40 ,241.20 ,165.30 ,3.60 ,2584.20 ,226.80 ,456.00 ,777.60 ,160.20 ,242.10 ,88.80 ,292.50 ,271.20 ,864.00 ,145.20 ,559.20 ,260.40 ,213.60 ,211.80 ,760.80 ,249.30 ,112.20 ,340.80 ,783.00 ,12.30 ,2728.00 ,2474.40 ,3660.00 ,7220.00 ,87.30 ,282.00 ,803.20 ,409.05 ,0.15 ,1380.00 ,4.00 ,3630.00 ,870.00 ,8.80 ,1177.50 ,0.02 ,321.30 ,1.27 ,2.70 ,3474.00 ,279.20 ,282.40 ,37.80 ,700.00 ,25.50 ,211.80 ,1081.60 ,288.00 ,219.20 ,114.40 ,196.80 ,730.20 ,1987.80 ,286.40 ,7.20 ,19.50 ,486.00 ,944.00 ,113.55 ,1296.00 ,104.00 ,111.90 ,870.00 ,846.00 ,45.60 ,443.40 ,710.40 ,725.40 ,45.00 ,279.60 ,47.50 ,491.50 ,164.40 ,76.80 ,168.90 ,102.50 ,330.80 ,277.80 ,214.80 ,241.20 ,285.00 ,320.40 ,308.10 ,147.00 ,131.10 ,57.90 ,176.10 ,254.40 ,209.40 ,650.40 ,432.00 ,172.80 ,111.60 ,700.20 ,120.00 ,1023.00 ,195.00 ,440.70 ,346.80 ,795.30 ,250.40 ,92.10 ,123.00 ,207.60 ,359.40 ,230.40 ,126.60 ,370.80 ,146.10 ,192.60 ,174.90 ,108.00 ,378.90 ,157.00 ,80.70 ,225.60 ,738.30 ,523.80 ,4062.40 ,690.90 ,333.60 ,77.40 ,7881.15 
2020/5/21,107.70 ,60.60 ,126.90 ,151.80 ,218.80 ,313.20 ,738.80 ,201.60 ,72.60 ,117.90 ,262.20 ,181.20 ,4.50 ,2413.80 ,402.00 ,427.60 ,762.40 ,152.70 ,208.20 ,92.10 ,301.65 ,283.20 ,864.00 ,145.20 ,556.80 ,247.20 ,201.60 ,193.20 ,631.80 ,253.50 ,122.70 ,385.20 ,788.80 ,12.30 ,2072.00 ,2605.60 ,2376.00 ,7800.00 ,103.65 ,226.20 ,726.40 ,395.55 ,0.15 ,1296.00 ,6.00 ,4776.00 ,72.30 ,6.40 ,1158.00 ,2854.80 ,378.00 ,0.20 ,4.64 ,3954.00 ,260.00 ,270.40 ,29.70 ,617.60 ,25.95 ,149.40 ,564.80 ,294.00 ,150.40 ,12.00 ,291.90 ,722.40 ,1621.80 ,274.40 ,7.20 ,15.00 ,432.00 ,648.00 ,204.45 ,1188.00 ,78.40 ,85.80 ,1122.00 ,924.00 ,105.60 ,513.90 ,683.40 ,744.00 ,65.10 ,169.20 ,48.20 ,418.00 ,147.60 ,62.40 ,147.00 ,32.00 ,332.00 ,287.40 ,212.70 ,192.00 ,287.70 ,333.00 ,330.30 ,193.20 ,132.60 ,64.50 ,175.80 ,264.90 ,195.60 ,826.80 ,456.00 ,163.20 ,102.90 ,752.40 ,121.80 ,1161.30 ,205.20 ,463.50 ,350.70 ,755.40 ,188.00 ,98.10 ,124.50 ,195.00 ,394.80 ,236.10 ,129.30 ,411.60 ,137.40 ,164.70 ,183.60 ,102.00 ,399.00 ,143.00 ,81.00 ,225.60 ,539.40 ,465.60 ,4199.20 ,673.80 ,366.90 ,85.80 ,7863.29 
2020/5/22,108.60 ,59.10 ,127.80 ,134.70 ,212.80 ,314.10 ,660.80 ,199.20 ,83.40 ,120.60 ,252.90 ,178.20 ,3.60 ,2359.80 ,301.20 ,379.20 ,732.40 ,169.50 ,224.70 ,115.20 ,320.85 ,343.80 ,920.40 ,148.80 ,492.00 ,218.40 ,182.40 ,226.20 ,757.80 ,328.50 ,129.30 ,402.90 ,826.80 ,12.00 ,2472.00 ,2678.40 ,2136.00 ,5890.00 ,106.65 ,239.10 ,739.60 ,384.30 ,0.15 ,1440.00 ,20.50 ,1614.00 ,200.00 ,8.80 ,1128.90 ,0.02 ,284.10 ,1.08 ,889.50 ,3576.00 ,270.40 ,264.00 ,21.00 ,638.40 ,38.40 ,146.55 ,1416.00 ,320.40 ,134.40 ,60.80 ,312.90 ,722.40 ,1653.00 ,0.00 ,7.60 ,17.40 ,606.00 ,176.00 ,304.80 ,1542.00 ,72.80 ,69.90 ,768.00 ,966.00 ,82.80 ,620.10 ,669.60 ,587.40 ,61.65 ,158.40 ,46.20 ,480.00 ,140.40 ,51.00 ,159.90 ,38.00 ,350.80 ,278.70 ,223.20 ,187.20 ,305.70 ,315.00 ,300.30 ,235.20 ,180.00 ,70.50 ,170.70 ,246.00 ,244.80 ,1047.00 ,454.80 ,170.40 ,107.10 ,707.40 ,116.40 ,1122.00 ,179.10 ,474.00 ,340.80 ,866.10 ,190.00 ,99.90 ,132.30 ,212.40 ,354.00 ,228.90 ,148.20 ,369.60 ,146.70 ,175.80 ,179.10 ,99.00 ,394.50 ,157.00 ,87.00 ,246.60 ,559.50 ,465.60 ,4504.80 ,678.30 ,339.00 ,92.70 ,8395.43 
2020/5/23,132.60 ,64.50 ,131.10 ,102.90 ,220.00 ,327.90 ,527.60 ,211.20 ,107.40 ,126.00 ,259.20 ,228.60 ,3.60 ,2346.00 ,404.40 ,407.20 ,769.20 ,197.40 ,276.90 ,145.80 ,301.20 ,358.50 ,871.20 ,152.40 ,494.40 ,241.20 ,184.80 ,231.00 ,504.00 ,208.50 ,131.40 ,411.30 ,886.40 ,15.30 ,1896.00 ,2638.40 ,2088.00 ,2230.00 ,98.70 ,225.60 ,762.40 ,419.40 ,0.30 ,1440.00 ,21.00 ,3342.00 ,0.00 ,11.20 ,1183.50 ,3093.60 ,262.35 ,0.40 ,4.64 ,3378.00 ,322.40 ,282.40 ,24.60 ,609.60 ,42.30 ,201.15 ,1580.00 ,269.40 ,218.40 ,8.00 ,253.50 ,689.40 ,1345.20 ,0.00 ,8.00 ,16.20 ,492.00 ,624.00 ,263.25 ,1536.00 ,92.00 ,95.40 ,180.00 ,942.00 ,85.80 ,560.70 ,669.30 ,501.30 ,64.20 ,209.10 ,47.30 ,448.00 ,152.40 ,88.50 ,184.20 ,48.00 ,378.00 ,306.60 ,225.90 ,243.00 ,337.80 ,322.80 ,322.50 ,200.10 ,170.10 ,72.30 ,177.00 ,258.60 ,236.40 ,1150.20 ,434.40 ,171.00 ,112.20 ,890.40 ,121.80 ,1107.60 ,231.00 ,559.80 ,368.70 ,956.70 ,226.80 ,96.90 ,153.00 ,205.80 ,369.00 ,248.40 ,117.00 ,405.00 ,140.10 ,168.30 ,194.40 ,104.00 ,378.90 ,152.00 ,81.60 ,288.00 ,624.60 ,468.60 ,4222.40 ,740.10 ,350.40 ,87.90 ,8363.02 
2020/5/24,135.30 ,63.30 ,134.10 ,123.60 ,261.20 ,322.20 ,585.20 ,233.70 ,117.30 ,140.40 ,275.10 ,267.90 ,3.90 ,2199.60 ,516.00 ,464.40 ,847.20 ,197.70 ,264.00 ,157.80 ,312.30 ,393.60 ,821.40 ,164.40 ,496.80 ,253.20 ,192.00 ,225.90 ,883.80 ,372.30 ,139.80 ,404.70 ,807.60 ,15.00 ,2680.00 ,2720.80 ,2496.00 ,1950.00 ,103.50 ,243.30 ,944.80 ,441.30 ,0.15 ,1464.00 ,22.00 ,4950.00 ,96.00 ,12.80 ,1205.10 ,0.02 ,217.95 ,1.27 ,889.50 ,3918.00 ,346.40 ,282.40 ,21.90 ,627.20 ,49.50 ,70.05 ,1131.20 ,66.60 ,308.00 ,8.00 ,280.95 ,711.60 ,1225.20 ,278.40 ,6.80 ,12.90 ,528.00 ,152.00 ,306.45 ,1230.00 ,148.00 ,101.40 ,138.00 ,840.00 ,73.80 ,560.70 ,720.90 ,408.90 ,64.20 ,139.20 ,51.20 ,548.50 ,180.00 ,129.00 ,171.30 ,259.00 ,380.40 ,316.80 ,243.30 ,229.80 ,358.20 ,324.60 ,360.60 ,178.20 ,220.20 ,70.80 ,180.00 ,286.50 ,262.80 ,1426.80 ,493.20 ,183.60 ,80.40 ,765.00 ,130.20 ,1353.00 ,208.80 ,509.70 ,347.70 ,921.00 ,326.00 ,113.40 ,157.80 ,253.20 ,350.40 ,295.50 ,144.60 ,399.00 ,159.60 ,147.00 ,193.80 ,109.00 ,430.80 ,153.00 ,121.80 ,270.00 ,701.10 ,548.40 ,4792.00 ,781.20 ,350.10 ,89.10 ,8694.15 
2020/5/25,105.00 ,57.30 ,213.30 ,159.60 ,224.00 ,317.10 ,791.20 ,215.70 ,88.80 ,126.00 ,246.60 ,190.80 ,4.20 ,2506.20 ,253.20 ,472.00 ,703.20 ,169.20 ,243.30 ,120.90 ,295.80 ,325.50 ,825.60 ,144.00 ,525.60 ,252.00 ,194.40 ,210.30 ,323.40 ,365.10 ,128.40 ,408.30 ,755.20 ,12.60 ,2624.00 ,2565.60 ,2388.00 ,1930.00 ,104.85 ,233.70 ,764.80 ,413.10 ,0.15 ,1332.00 ,24.50 ,2328.00 ,138.60 ,12.00 ,1216.80 ,2976.00 ,258.00 ,0.40 ,7.68 ,3882.00 ,281.60 ,50.40 ,21.90 ,685.60 ,51.60 ,179.40 ,364.80 ,288.00 ,144.80 ,123.20 ,285.60 ,648.00 ,1465.20 ,256.80 ,8.00 ,18.30 ,636.00 ,152.00 ,347.55 ,1368.00 ,79.20 ,100.80 ,288.00 ,672.00 ,133.80 ,606.00 ,688.50 ,494.10 ,61.50 ,112.80 ,53.80 ,418.00 ,141.00 ,83.70 ,165.90 ,322.50 ,355.20 ,302.70 ,223.80 ,203.40 ,317.40 ,323.40 ,261.00 ,171.00 ,163.80 ,67.80 ,148.50 ,223.80 ,208.80 ,1231.20 ,459.60 ,162.00 ,111.90 ,762.60 ,127.80 ,1368.30 ,192.60 ,508.50 ,369.60 ,973.50 ,231.60 ,95.70 ,134.40 ,206.40 ,355.80 ,261.30 ,158.70 ,389.40 ,140.40 ,159.60 ,176.10 ,99.00 ,396.30 ,143.00 ,86.70 ,243.60 ,697.50 ,484.20 ,4283.20 ,706.80 ,311.10 ,87.60 ,7831.64 
2020/5/26,108.90 ,67.80 ,202.50 ,129.60 ,196.80 ,297.90 ,714.40 ,208.50 ,83.10 ,119.70 ,247.80 ,208.50 ,3.60 ,2257.80 ,290.40 ,436.00 ,723.60 ,171.00 ,269.70 ,149.40 ,275.55 ,273.60 ,909.60 ,141.60 ,501.60 ,249.60 ,188.40 ,246.60 ,673.20 ,215.40 ,145.80 ,384.30 ,783.80 ,11.40 ,1936.00 ,1881.60 ,1356.00 ,7980.00 ,94.05 ,223.80 ,711.20 ,392.55 ,0.15 ,1716.00 ,18.50 ,4026.00 ,850.00 ,9.60 ,1115.40 ,0.02 ,281.85 ,1.27 ,860.40 ,3612.00 ,268.00 ,300.00 ,8.10 ,695.20 ,59.10 ,161.40 ,25.60 ,331.80 ,80.80 ,150.40 ,265.35 ,718.80 ,1501.80 ,274.40 ,6.80 ,15.60 ,666.00 ,176.00 ,377.55 ,1320.00 ,75.20 ,78.30 ,378.00 ,924.00 ,102.60 ,455.70 ,679.50 ,472.20 ,50.55 ,242.70 ,51.70 ,379.00 ,110.40 ,75.00 ,176.70 ,73.50 ,335.20 ,264.90 ,226.80 ,205.80 ,313.20 ,333.00 ,282.00 ,190.20 ,127.20 ,64.20 ,162.60 ,213.90 ,195.60 ,1060.80 ,423.60 ,168.30 ,109.50 ,692.40 ,125.40 ,1402.50 ,167.70 ,466.20 ,372.90 ,771.60 ,194.80 ,94.50 ,121.50 ,219.60 ,369.60 ,222.90 ,164.10 ,340.80 ,137.10 ,133.80 ,169.20 ,89.00 ,297.30 ,136.00 ,76.80 ,241.80 ,674.40 ,484.80 ,4096.80 ,657.30 ,296.40 ,108.60 ,6222.13 
2020/5/27,118.80 ,70.80 ,140.40 ,128.10 ,202.00 ,297.90 ,670.80 ,212.10 ,80.10 ,117.00 ,223.80 ,155.70 ,3.90 ,2279.40 ,229.20 ,434.00 ,665.20 ,163.20 ,238.20 ,139.50 ,296.10 ,301.20 ,930.00 ,141.60 ,561.60 ,243.60 ,198.00 ,231.30 ,760.80 ,213.30 ,138.60 ,274.80 ,760.40 ,13.20 ,1840.00 ,1825.60 ,1308.00 ,6070.00 ,93.00 ,245.10 ,720.40 ,403.50 ,0.30 ,1008.00 ,21.00 ,4926.00 ,68.10 ,9.60 ,1068.60 ,2631.00 ,252.90 ,0.80 ,6.77 ,2772.00 ,258.40 ,296.00 ,11.70 ,668.00 ,53.25 ,171.75 ,2.40 ,343.20 ,227.20 ,124.80 ,217.95 ,739.20 ,1451.40 ,244.80 ,8.40 ,16.50 ,402.00 ,184.00 ,383.40 ,366.00 ,73.60 ,96.30 ,180.00 ,858.00 ,67.80 ,557.10 ,686.10 ,604.20 ,49.95 ,383.40 ,53.00 ,395.00 ,124.80 ,77.10 ,153.30 ,53.00 ,346.00 ,266.70 ,216.90 ,202.80 ,315.90 ,346.80 ,278.40 ,182.70 ,135.30 ,60.90 ,133.80 ,207.30 ,207.60 ,1311.60 ,445.20 ,159.30 ,102.30 ,743.40 ,115.20 ,1307.40 ,178.20 ,438.00 ,360.90 ,902.70 ,186.00 ,91.20 ,116.40 ,241.80 ,369.00 ,211.20 ,182.70 ,368.40 ,142.20 ,145.50 ,172.50 ,91.00 ,426.90 ,128.00 ,61.50 ,213.00 ,613.50 ,498.60 ,4104.00 ,682.50 ,295.80 ,90.60 ,6075.31 
2020/5/28,107.40 ,63.60 ,128.40 ,121.50 ,212.00 ,294.30 ,599.20 ,202.20 ,73.20 ,122.70 ,244.20 ,164.70 ,3.90 ,2325.00 ,404.40 ,460.40 ,718.00 ,193.20 ,243.60 ,136.20 ,301.05 ,288.90 ,837.60 ,152.40 ,513.60 ,220.80 ,188.40 ,231.30 ,286.20 ,204.90 ,109.80 ,295.80 ,756.60 ,14.70 ,2864.00 ,2296.80 ,2268.00 ,7110.00 ,104.70 ,211.50 ,743.60 ,410.25 ,0.15 ,1704.00 ,23.00 ,2010.00 ,198.40 ,11.20 ,1046.10 ,0.01 ,288.75 ,1.50 ,666.60 ,3540.00 ,304.00 ,37.60 ,35.70 ,676.00 ,43.20 ,188.25 ,317.60 ,336.00 ,219.20 ,120.00 ,264.00 ,701.40 ,1565.40 ,265.60 ,8.00 ,15.30 ,486.00 ,184.00 ,284.55 ,990.00 ,110.40 ,118.20 ,186.00 ,834.00 ,464.40 ,480.90 ,687.30 ,501.30 ,58.20 ,340.80 ,48.50 ,455.50 ,133.20 ,74.70 ,160.80 ,268.50 ,342.80 ,276.90 ,208.50 ,213.00 ,309.00 ,324.60 ,261.90 ,162.90 ,150.30 ,64.80 ,138.60 ,264.60 ,225.60 ,1209.60 ,430.80 ,165.60 ,114.30 ,912.00 ,117.60 ,1516.50 ,187.50 ,469.80 ,390.90 ,990.30 ,179.60 ,100.80 ,131.40 ,217.20 ,384.60 ,203.10 ,195.00 ,340.80 ,157.20 ,135.30 ,182.70 ,100.00 ,396.00 ,146.00 ,68.40 ,229.80 ,850.50 ,565.80 ,4054.40 ,661.20 ,312.00 ,83.10 ,6926.23 
2020/5/29,113.40 ,56.10 ,164.70 ,158.70 ,220.80 ,298.50 ,774.00 ,213.30 ,79.20 ,116.10 ,246.00 ,179.10 ,4.20 ,2385.00 ,242.40 ,420.80 ,694.80 ,170.70 ,286.20 ,118.80 ,301.50 ,315.30 ,861.00 ,142.80 ,508.80 ,243.60 ,188.40 ,235.20 ,697.80 ,214.50 ,109.80 ,260.40 ,799.00 ,13.20 ,2728.00 ,2579.20 ,2436.00 ,5770.00 ,88.95 ,199.80 ,764.00 ,396.90 ,0.30 ,3048.00 ,17.50 ,3696.00 ,0.00 ,15.20 ,1107.00 ,2880.00 ,272.55 ,0.80 ,1.08 ,3150.00 ,292.00 ,287.20 ,27.00 ,707.20 ,50.40 ,167.85 ,1103.20 ,307.80 ,209.60 ,133.60 ,259.35 ,630.60 ,1433.40 ,289.60 ,7.20 ,23.40 ,546.00 ,168.00 ,282.30 ,990.00 ,80.80 ,88.80 ,204.00 ,1002.00 ,755.40 ,549.00 ,699.90 ,640.80 ,58.20 ,63.90 ,50.90 ,427.50 ,123.60 ,58.50 ,156.00 ,532.50 ,354.00 ,268.50 ,225.90 ,214.80 ,315.30 ,318.60 ,270.00 ,154.50 ,128.70 ,57.90 ,138.90 ,282.90 ,192.60 ,1249.80 ,474.00 ,162.60 ,127.50 ,778.80 ,127.20 ,1340.10 ,187.20 ,517.50 ,423.00 ,852.30 ,234.80 ,97.20 ,122.10 ,194.40 ,369.60 ,215.10 ,167.10 ,370.20 ,141.90 ,129.60 ,157.20 ,97.00 ,415.50 ,139.00 ,75.30 ,235.20 ,670.20 ,535.20 ,3976.00 ,710.10 ,330.00 ,85.50 ,6803.90 
2020/5/30,104.70 ,60.30 ,283.50 ,125.40 ,225.60 ,322.50 ,604.00 ,217.20 ,79.20 ,130.80 ,262.20 ,194.70 ,3.60 ,2241.00 ,174.00 ,318.80 ,711.60 ,181.50 ,303.90 ,140.70 ,297.00 ,278.40 ,926.40 ,135.00 ,552.00 ,264.00 ,204.00 ,195.60 ,1127.40 ,216.90 ,124.20 ,273.00 ,723.20 ,13.50 ,3232.00 ,2617.60 ,1512.00 ,6450.00 ,95.55 ,222.30 ,755.60 ,399.60 ,0.15 ,2340.00 ,20.50 ,3852.00 ,84.00 ,12.00 ,1135.50 ,0.02 ,339.90 ,1.33 ,824.40 ,3348.00 ,480.00 ,260.00 ,24.90 ,643.20 ,48.60 ,181.95 ,1740.00 ,391.20 ,28.00 ,54.40 ,211.20 ,558.60 ,1144.20 ,275.20 ,6.40 ,9.00 ,540.00 ,160.00 ,382.20 ,1278.00 ,80.00 ,99.00 ,756.00 ,978.00 ,543.60 ,455.10 ,720.90 ,564.00 ,53.55 ,185.10 ,47.30 ,469.00 ,109.80 ,62.10 ,172.20 ,357.50 ,369.20 ,299.10 ,205.80 ,222.60 ,304.50 ,316.80 ,273.00 ,133.20 ,139.20 ,60.60 ,137.40 ,253.20 ,193.20 ,694.80 ,460.80 ,162.30 ,110.10 ,838.80 ,111.00 ,1270.50 ,179.10 ,438.60 ,437.10 ,871.80 ,260.00 ,100.80 ,129.30 ,262.80 ,336.00 ,205.80 ,201.00 ,399.00 ,162.60 ,146.40 ,171.00 ,85.00 ,423.00 ,137.00 ,75.00 ,240.00 ,536.40 ,575.40 ,4093.60 ,628.20 ,310.80 ,84.60 ,7570.39 
2020/5/31,102.00 ,75.60 ,203.40 ,162.60 ,243.20 ,325.50 ,786.80 ,228.30 ,75.90 ,122.10 ,247.80 ,180.00 ,3.60 ,1998.00 ,282.00 ,304.00 ,741.60 ,181.80 ,267.30 ,123.00 ,320.10 ,250.80 ,890.40 ,147.60 ,561.60 ,259.20 ,201.60 ,195.00 ,678.00 ,201.30 ,138.60 ,326.10 ,766.20 ,12.90 ,3672.00 ,2594.40 ,1728.00 ,4720.00 ,81.60 ,192.00 ,794.80 ,415.95 ,0.30 ,2880.00 ,5.50 ,1368.00 ,139.80 ,12.80 ,1130.40 ,2614.80 ,366.45 ,1.20 ,2.86 ,4002.00 ,339.20 ,64.00 ,15.60 ,633.60 ,41.25 ,115.35 ,1467.20 ,70.80 ,304.80 ,8.80 ,256.65 ,587.40 ,1165.80 ,261.60 ,9.60 ,8.10 ,534.00 ,192.00 ,443.85 ,288.00 ,68.80 ,103.20 ,1146.00 ,996.00 ,67.80 ,597.00 ,698.10 ,594.00 ,68.25 ,148.50 ,53.30 ,484.50 ,112.80 ,41.10 ,157.20 ,47.50 ,354.80 ,276.30 ,218.40 ,203.40 ,295.50 ,317.40 ,270.30 ,133.80 ,129.90 ,58.20 ,139.20 ,246.60 ,204.60 ,1101.60 ,462.00 ,171.90 ,74.70 ,723.00 ,134.40 ,1300.20 ,212.40 ,478.50 ,400.80 ,693.30 ,197.60 ,98.10 ,123.90 ,387.00 ,315.60 ,219.30 ,205.80 ,373.80 ,166.20 ,143.40 ,169.20 ,89.00 ,282.60 ,147.00 ,78.90 ,264.60 ,674.10 ,606.60 ,4118.40 ,742.20 ,318.30 ,93.30 ,5980.12 
2020/6/1,102.90 ,69.30 ,114.60 ,122.70 ,217.60 ,312.00 ,627.60 ,211.20 ,73.20 ,129.60 ,246.00 ,145.80 ,3.60 ,2279.40 ,296.40 ,408.40 ,738.80 ,167.70 ,234.90 ,120.60 ,308.10 ,254.70 ,862.80 ,134.40 ,544.80 ,258.00 ,200.40 ,194.10 ,586.80 ,194.40 ,124.20 ,390.00 ,764.60 ,16.50 ,2984.00 ,2551.20 ,2916.00 ,7230.00 ,83.70 ,218.70 ,790.80 ,394.95 ,0.30 ,2664.00 ,19.50 ,606.00 ,680.00 ,8.00 ,1126.50 ,0.01 ,382.80 ,1.45 ,867.60 ,3780.00 ,487.20 ,284.80 ,12.90 ,665.60 ,49.05 ,165.45 ,1516.00 ,243.60 ,153.60 ,135.20 ,304.35 ,618.00 ,1615.80 ,271.20 ,6.80 ,7.80 ,588.00 ,368.00 ,280.65 ,702.00 ,73.60 ,93.00 ,1836.00 ,846.00 ,320.40 ,547.50 ,696.60 ,543.60 ,51.45 ,112.20 ,49.20 ,528.50 ,108.00 ,84.90 ,166.20 ,603.00 ,324.40 ,255.60 ,212.40 ,204.00 ,279.00 ,337.20 ,256.80 ,129.30 ,126.00 ,61.80 ,142.80 ,249.00 ,194.40 ,803.40 ,464.40 ,162.30 ,104.10 ,655.20 ,121.80 ,1309.50 ,193.80 ,456.60 ,336.00 ,868.50 ,195.20 ,92.70 ,116.40 ,343.80 ,315.00 ,195.30 ,204.30 ,337.20 ,136.50 ,135.30 ,172.20 ,87.00 ,281.70 ,132.00 ,69.60 ,218.40 ,976.20 ,438.00 ,4210.40 ,778.20 ,306.00 ,80.40 ,7858.55 
2020/6/2,110.70 ,56.40 ,124.80 ,122.10 ,224.40 ,314.70 ,594.40 ,210.90 ,81.00 ,126.00 ,255.00 ,145.80 ,4.20 ,2575.20 ,340.80 ,479.60 ,762.00 ,173.70 ,229.20 ,141.90 ,277.65 ,264.30 ,844.80 ,149.40 ,537.60 ,272.40 ,205.20 ,214.50 ,210.60 ,208.80 ,131.70 ,459.90 ,720.40 ,16.80 ,2968.00 ,2511.20 ,3816.00 ,3720.00 ,98.10 ,219.60 ,797.20 ,407.55 ,0.30 ,2940.00 ,20.00 ,4392.00 ,65.10 ,14.40 ,1220.40 ,2953.20 ,363.90 ,13.20 ,0.88 ,3288.00 ,497.60 ,260.00 ,9.60 ,714.40 ,43.35 ,244.80 ,1517.60 ,319.20 ,183.20 ,115.20 ,293.70 ,685.80 ,1920.60 ,166.40 ,8.40 ,15.30 ,594.00 ,208.00 ,315.00 ,732.00 ,150.40 ,119.40 ,2478.00 ,840.00 ,471.00 ,548.70 ,716.10 ,516.60 ,55.35 ,178.20 ,44.70 ,545.00 ,147.60 ,101.10 ,172.80 ,298.50 ,345.60 ,265.50 ,224.70 ,234.00 ,283.80 ,324.60 ,245.70 ,134.70 ,138.60 ,53.40 ,131.70 ,272.40 ,231.00 ,825.00 ,445.20 ,166.80 ,113.70 ,468.00 ,126.00 ,1132.50 ,205.50 ,443.40 ,354.90 ,1101.00 ,214.00 ,130.80 ,122.10 ,307.20 ,324.00 ,226.20 ,189.30 ,410.40 ,141.00 ,141.60 ,162.00 ,98.00 ,300.00 ,138.00 ,65.70 ,232.20 ,605.70 ,457.80 ,4016.80 ,746.40 ,304.50 ,81.00 ,7753.79 
2020/6/3,116.70 ,56.40 ,126.00 ,153.00 ,207.60 ,305.70 ,732.00 ,217.20 ,76.50 ,92.70 ,251.40 ,167.40 ,4.20 ,2470.20 ,162.00 ,508.80 ,695.60 ,166.80 ,259.50 ,135.00 ,286.35 ,255.90 ,840.00 ,147.00 ,583.20 ,296.40 ,211.20 ,216.90 ,813.00 ,209.40 ,133.50 ,393.30 ,769.00 ,16.80 ,1264.00 ,2228.00 ,3240.00 ,3220.00 ,100.20 ,196.20 ,792.40 ,431.55 ,0.30 ,1008.00 ,21.50 ,1974.00 ,198.40 ,8.80 ,1215.30 ,0.05 ,326.25 ,1.28 ,594.00 ,3516.00 ,378.40 ,308.00 ,26.40 ,650.40 ,35.10 ,202.05 ,1260.00 ,310.20 ,37.60 ,108.80 ,307.95 ,722.40 ,1196.40 ,304.00 ,8.40 ,14.10 ,558.00 ,160.00 ,369.45 ,840.00 ,87.20 ,108.90 ,252.00 ,1056.00 ,244.80 ,517.50 ,706.20 ,497.10 ,58.65 ,178.20 ,49.70 ,529.00 ,142.20 ,85.20 ,167.40 ,189.50 ,355.60 ,266.10 ,217.50 ,223.80 ,287.70 ,335.40 ,250.80 ,140.40 ,131.70 ,72.90 ,132.90 ,251.70 ,210.60 ,730.20 ,440.40 ,150.60 ,108.30 ,631.80 ,119.40 ,1612.20 ,188.40 ,426.00 ,347.10 ,940.20 ,177.20 ,90.00 ,121.50 ,190.20 ,319.20 ,241.20 ,215.10 ,343.80 ,147.00 ,145.50 ,154.20 ,98.00 ,291.00 ,144.00 ,67.50 ,238.20 ,561.00 ,449.40 ,4381.60 ,672.30 ,303.90 ,81.00 ,7242.02 
2020/6/4,129.60 ,58.80 ,117.30 ,161.10 ,224.40 ,331.20 ,669.60 ,233.40 ,87.60 ,134.70 ,250.50 ,163.20 ,3.90 ,2646.60 ,260.40 ,479.60 ,735.60 ,160.50 ,248.40 ,138.00 ,294.90 ,285.30 ,891.00 ,141.60 ,571.20 ,283.20 ,208.80 ,213.90 ,741.60 ,201.30 ,124.50 ,349.80 ,783.00 ,11.10 ,1984.00 ,1884.80 ,2400.00 ,5020.00 ,101.85 ,202.80 ,853.60 ,423.15 ,0.30 ,3276.00 ,19.50 ,5142.00 ,0.00 ,12.00 ,1197.60 ,2586.00 ,256.20 ,2.20 ,0.70 ,2874.00 ,444.80 ,304.80 ,24.60 ,656.80 ,41.25 ,195.15 ,812.80 ,358.80 ,112.80 ,76.80 ,283.80 ,759.00 ,1277.40 ,270.40 ,13.60 ,8.40 ,594.00 ,168.00 ,361.35 ,612.00 ,96.00 ,107.70 ,168.00 ,972.00 ,162.60 ,618.30 ,689.10 ,569.40 ,56.70 ,116.40 ,46.50 ,478.00 ,154.80 ,129.00 ,169.80 ,297.00 ,415.20 ,281.10 ,237.90 ,251.40 ,286.50 ,337.20 ,250.20 ,129.30 ,129.60 ,65.10 ,144.30 ,245.10 ,219.00 ,659.40 ,458.40 ,157.80 ,114.90 ,688.20 ,133.80 ,1563.30 ,198.60 ,477.00 ,379.50 ,1054.50 ,270.80 ,98.40 ,141.30 ,224.40 ,334.80 ,231.60 ,209.10 ,353.40 ,150.90 ,144.00 ,159.90 ,100.00 ,292.80 ,139.00 ,78.00 ,261.60 ,585.60 ,544.80 ,4218.40 ,660.90 ,307.50 ,84.00 ,6497.70 
2020/6/5,109.80 ,57.00 ,116.10 ,161.10 ,237.20 ,327.00 ,738.00 ,227.70 ,83.70 ,147.90 ,255.60 ,167.40 ,3.60 ,2496.60 ,307.20 ,477.60 ,726.80 ,166.20 ,227.40 ,121.20 ,267.90 ,258.60 ,813.60 ,144.60 ,540.00 ,270.00 ,202.80 ,201.30 ,444.60 ,193.80 ,161.40 ,416.70 ,782.80 ,14.40 ,2296.00 ,2124.00 ,2196.00 ,4690.00 ,91.65 ,206.40 ,782.40 ,417.00 ,0.30 ,2724.00 ,4.50 ,1464.00 ,78.00 ,8.80 ,1236.60 ,0.01 ,354.00 ,1.44 ,232.20 ,3258.00 ,441.60 ,286.40 ,17.70 ,664.00 ,34.80 ,210.45 ,25.60 ,342.00 ,44.80 ,11.20 ,329.85 ,678.00 ,1848.60 ,261.60 ,15.20 ,7.50 ,624.00 ,368.00 ,237.30 ,816.00 ,111.20 ,96.60 ,1584.00 ,984.00 ,90.60 ,525.90 ,686.40 ,669.90 ,51.90 ,96.60 ,51.80 ,448.00 ,144.00 ,115.50 ,169.50 ,191.50 ,365.20 ,278.70 ,221.10 ,214.20 ,284.10 ,337.20 ,202.50 ,126.00 ,134.40 ,63.00 ,132.60 ,268.50 ,196.20 ,606.00 ,474.00 ,157.80 ,107.70 ,502.80 ,122.40 ,1148.70 ,187.80 ,461.70 ,390.30 ,909.00 ,202.40 ,92.40 ,166.50 ,202.80 ,314.40 ,201.30 ,150.90 ,348.60 ,138.60 ,133.80 ,145.20 ,102.00 ,290.10 ,153.00 ,69.30 ,239.40 ,591.00 ,505.20 ,4154.40 ,694.80 ,306.30 ,128.40 ,7037.22 
2020/6/6,108.90 ,58.20 ,131.70 ,134.40 ,242.00 ,343.20 ,628.00 ,224.70 ,78.30 ,158.10 ,256.50 ,189.30 ,3.60 ,2214.60 ,334.80 ,485.20 ,776.80 ,199.50 ,226.20 ,150.90 ,316.65 ,260.70 ,880.80 ,152.40 ,580.80 ,288.00 ,228.00 ,205.80 ,426.00 ,201.30 ,155.70 ,434.40 ,797.00 ,14.70 ,3144.00 ,2588.80 ,1524.00 ,7010.00 ,110.70 ,239.40 ,878.40 ,433.50 ,0.30 ,2412.00 ,4.50 ,3270.00 ,139.50 ,14.40 ,1221.00 ,3058.80 ,325.95 ,1.60 ,0.00 ,3120.00 ,488.80 ,291.20 ,15.60 ,600.80 ,44.10 ,197.70 ,1174.40 ,238.20 ,104.00 ,13.60 ,324.30 ,690.00 ,1180.20 ,261.60 ,18.00 ,8.70 ,426.00 ,192.00 ,286.95 ,600.00 ,124.00 ,147.00 ,156.00 ,1032.00 ,676.20 ,615.30 ,670.80 ,689.10 ,55.05 ,156.90 ,49.20 ,496.00 ,182.40 ,164.40 ,185.10 ,305.50 ,381.60 ,309.00 ,315.00 ,225.60 ,316.50 ,337.80 ,290.40 ,143.70 ,155.10 ,68.40 ,146.10 ,274.20 ,235.20 ,630.00 ,463.20 ,161.10 ,79.50 ,730.80 ,129.60 ,885.60 ,210.30 ,446.10 ,359.70 ,1048.80 ,339.20 ,111.60 ,165.30 ,282.60 ,313.80 ,255.90 ,176.70 ,396.00 ,164.70 ,149.10 ,155.40 ,105.00 ,303.60 ,152.00 ,78.90 ,248.40 ,657.30 ,515.40 ,4359.20 ,672.30 ,327.30 ,89.70 ,8439.07 
2020/6/7,115.50 ,63.30 ,107.10 ,157.80 ,254.80 ,337.80 ,714.40 ,234.00 ,88.50 ,152.70 ,282.30 ,192.00 ,3.90 ,2262.60 ,290.40 ,417.20 ,793.60 ,197.40 ,231.00 ,139.50 ,301.80 ,297.60 ,913.20 ,144.60 ,609.60 ,278.40 ,258.00 ,228.00 ,1192.80 ,219.60 ,132.60 ,438.00 ,812.60 ,16.20 ,3904.00 ,2856.00 ,1956.00 ,6310.00 ,106.20 ,229.50 ,986.40 ,459.30 ,0.30 ,2880.00 ,21.00 ,4656.00 ,680.00 ,18.40 ,1292.10 ,0.02 ,436.65 ,1.29 ,0.30 ,3036.00 ,476.00 ,52.00 ,16.80 ,33.60 ,54.75 ,96.60 ,1333.60 ,77.40 ,125.60 ,7.20 ,344.55 ,670.20 ,1285.80 ,274.40 ,13.20 ,11.40 ,636.00 ,200.00 ,338.70 ,744.00 ,121.60 ,125.10 ,714.00 ,1044.00 ,550.20 ,653.10 ,639.90 ,530.10 ,58.80 ,115.20 ,55.70 ,532.50 ,181.20 ,141.60 ,177.90 ,71.50 ,414.40 ,310.50 ,337.80 ,217.20 ,321.00 ,340.80 ,262.20 ,138.90 ,165.90 ,75.90 ,145.20 ,270.00 ,242.40 ,708.60 ,508.80 ,173.70 ,78.90 ,810.60 ,130.80 ,1047.30 ,216.00 ,463.80 ,398.40 ,931.80 ,233.60 ,106.50 ,151.20 ,348.00 ,314.40 ,269.70 ,175.50 ,422.40 ,168.00 ,142.80 ,169.20 ,116.00 ,311.70 ,148.00 ,78.60 ,258.00 ,1029.90 ,580.80 ,4245.60 ,701.40 ,333.60 ,87.60 ,6497.45 
2020/6/8,121.80 ,60.30 ,120.00 ,173.40 ,230.00 ,322.20 ,770.00 ,216.00 ,79.50 ,180.00 ,247.50 ,167.70 ,3.60 ,2590.80 ,258.00 ,571.60 ,709.20 ,167.40 ,236.10 ,128.40 ,294.60 ,263.10 ,843.60 ,136.80 ,895.20 ,454.80 ,308.40 ,240.90 ,625.20 ,249.60 ,136.80 ,426.30 ,765.20 ,15.00 ,3192.00 ,2775.20 ,1716.00 ,5400.00 ,96.15 ,232.20 ,900.40 ,418.20 ,0.45 ,2076.00 ,0.00 ,2064.00 ,63.90 ,12.80 ,1243.50 ,3058.80 ,554.55 ,1.80 ,0.04 ,2862.00 ,521.60 ,0.00 ,21.60 ,649.60 ,64.35 ,180.00 ,1569.60 ,132.00 ,79.20 ,145.60 ,277.20 ,727.80 ,1174.80 ,315.20 ,17.20 ,10.20 ,486.00 ,248.00 ,231.60 ,1542.00 ,108.80 ,142.80 ,570.00 ,804.00 ,381.00 ,657.60 ,705.60 ,531.30 ,54.60 ,153.00 ,52.90 ,486.50 ,173.40 ,149.70 ,164.40 ,462.50 ,384.00 ,284.40 ,267.30 ,224.40 ,303.30 ,325.20 ,232.20 ,136.20 ,135.60 ,71.40 ,136.80 ,274.20 ,201.00 ,539.40 ,474.00 ,158.40 ,113.70 ,828.00 ,121.20 ,954.90 ,203.70 ,512.10 ,405.60 ,1039.50 ,222.40 ,104.70 ,120.60 ,241.20 ,328.20 ,267.00 ,170.70 ,421.20 ,151.20 ,135.00 ,148.20 ,94.00 ,291.30 ,151.00 ,80.40 ,236.40 ,1106.40 ,511.20 ,5381.60 ,695.10 ,317.40 ,77.40 ,6983.21 
2020/6/9,73.20 ,45.60 ,112.50 ,156.30 ,216.00 ,323.40 ,635.60 ,214.50 ,93.30 ,162.00 ,241.80 ,169.50 ,1.50 ,2788.80 ,168.00 ,583.60 ,804.80 ,158.10 ,248.40 ,157.80 ,293.10 ,284.10 ,850.20 ,147.60 ,1077.60 ,494.40 ,327.60 ,220.50 ,1308.60 ,315.60 ,137.40 ,441.30 ,714.40 ,11.40 ,1312.00 ,1236.00 ,3396.00 ,8150.00 ,70.35 ,136.20 ,852.40 ,326.10 ,0.30 ,888.00 ,41.50 ,3306.00 ,199.20 ,14.40 ,975.60 ,0.02 ,335.25 ,1.34 ,17.70 ,3474.00 ,503.20 ,620.80 ,18.90 ,711.20 ,67.65 ,230.25 ,681.60 ,337.20 ,97.60 ,131.20 ,298.95 ,651.00 ,129.60 ,280.00 ,15.20 ,25.20 ,462.00 ,1136.00 ,182.40 ,1164.00 ,130.40 ,109.20 ,666.00 ,936.00 ,319.20 ,543.00 ,742.80 ,578.70 ,52.95 ,84.90 ,47.90 ,552.50 ,154.80 ,84.60 ,167.40 ,324.50 ,370.80 ,302.40 ,231.60 ,228.00 ,314.40 ,304.80 ,245.40 ,133.80 ,164.10 ,84.30 ,138.00 ,288.60 ,240.60 ,763.80 ,492.00 ,172.20 ,108.60 ,739.20 ,115.20 ,987.30 ,227.40 ,584.70 ,428.40 ,1179.60 ,236.80 ,103.80 ,134.70 ,280.20 ,330.00 ,273.30 ,165.00 ,375.60 ,142.50 ,129.30 ,142.50 ,99.00 ,289.80 ,145.00 ,82.50 ,236.40 ,1058.10 ,433.80 ,2616.80 ,731.70 ,323.40 ,83.10 ,8303.76 
2020/6/10,110.10 ,58.80 ,123.30 ,147.00 ,233.60 ,322.20 ,750.80 ,231.90 ,87.30 ,163.20 ,259.80 ,166.80 ,3.00 ,2782.80 ,481.20 ,564.80 ,789.60 ,166.80 ,246.30 ,138.00 ,282.30 ,319.20 ,874.80 ,150.60 ,1120.80 ,514.80 ,352.80 ,218.40 ,1293.00 ,212.40 ,133.20 ,419.10 ,626.80 ,16.80 ,1760.00 ,1870.40 ,2484.00 ,8140.00 ,106.05 ,244.20 ,885.20 ,456.75 ,0.30 ,1536.00 ,15.00 ,4680.00 ,0.00 ,19.20 ,1253.40 ,2934.60 ,451.20 ,0.80 ,0.00 ,3402.00 ,682.40 ,400.00 ,41.40 ,727.20 ,67.20 ,266.40 ,1762.40 ,321.00 ,92.00 ,138.40 ,228.60 ,586.80 ,1189.20 ,305.60 ,8.80 ,23.70 ,762.00 ,1696.00 ,71.25 ,570.00 ,141.60 ,116.70 ,2022.00 ,1014.00 ,366.00 ,638.70 ,731.70 ,590.40 ,50.40 ,87.00 ,57.40 ,552.50 ,163.20 ,156.60 ,169.80 ,502.00 ,390.40 ,317.40 ,232.20 ,259.20 ,274.20 ,324.00 ,222.30 ,133.20 ,147.90 ,69.30 ,146.40 ,267.30 ,226.80 ,655.20 ,494.40 ,162.30 ,120.60 ,857.40 ,130.20 ,1013.40 ,225.90 ,610.20 ,403.80 ,1155.60 ,215.20 ,98.10 ,127.20 ,259.20 ,374.40 ,272.40 ,210.60 ,364.20 ,152.40 ,150.60 ,184.50 ,109.00 ,298.20 ,148.00 ,78.00 ,243.00 ,854.70 ,425.40 ,4839.20 ,762.30 ,319.50 ,79.80 ,8055.56 
2020/6/11,109.80 ,66.00 ,121.50 ,134.40 ,246.00 ,324.00 ,662.40 ,302.10 ,79.50 ,149.70 ,246.90 ,168.30 ,3.90 ,2809.20 ,523.20 ,574.80 ,871.60 ,180.90 ,262.80 ,150.90 ,297.90 ,293.10 ,833.40 ,151.80 ,1156.80 ,540.00 ,375.60 ,222.00 ,667.80 ,321.30 ,130.20 ,431.70 ,729.80 ,16.50 ,2528.00 ,1866.40 ,1596.00 ,6050.00 ,108.15 ,216.90 ,874.80 ,435.60 ,0.30 ,2004.00 ,18.50 ,1782.00 ,78.00 ,16.80 ,1297.80 ,0.01 ,469.50 ,1.29 ,0.00 ,3762.00 ,597.60 ,400.00 ,28.50 ,729.60 ,29.85 ,164.70 ,2118.40 ,207.60 ,160.80 ,150.40 ,290.85 ,655.20 ,1267.20 ,309.60 ,8.00 ,23.40 ,558.00 ,1544.00 ,281.55 ,1194.00 ,116.00 ,154.50 ,378.00 ,1002.00 ,354.60 ,631.20 ,747.00 ,603.00 ,56.25 ,131.70 ,48.00 ,520.00 ,198.00 ,162.60 ,173.40 ,250.50 ,387.20 ,313.20 ,245.40 ,278.40 ,345.30 ,313.20 ,229.50 ,145.50 ,151.50 ,66.90 ,141.30 ,280.80 ,225.60 ,694.80 ,513.60 ,167.40 ,118.20 ,816.60 ,127.80 ,966.30 ,207.60 ,544.50 ,432.90 ,1126.80 ,208.40 ,103.80 ,132.90 ,218.40 ,343.80 ,279.90 ,175.20 ,375.00 ,160.20 ,153.00 ,167.10 ,99.00 ,302.10 ,139.00 ,78.30 ,296.40 ,884.10 ,477.00 ,4516.00 ,813.00 ,324.90 ,84.30 ,8821.04 
2020/6/12,154.20 ,74.70 ,131.40 ,145.80 ,252.80 ,355.50 ,668.00 ,348.90 ,99.00 ,191.70 ,286.20 ,224.70 ,3.90 ,3319.20 ,637.20 ,669.60 ,902.00 ,511.50 ,308.10 ,215.70 ,354.60 ,318.30 ,905.40 ,220.80 ,1224.00 ,540.00 ,374.40 ,332.40 ,712.20 ,358.50 ,176.40 ,519.00 ,850.00 ,17.40 ,3032.00 ,1976.80 ,1860.00 ,8470.00 ,113.40 ,242.10 ,1249.60 ,519.00 ,0.15 ,2964.00 ,23.00 ,3780.00 ,139.80 ,17.60 ,1353.90 ,2901.60 ,435.90 ,4.60 ,6.14 ,3762.00 ,638.40 ,325.60 ,30.90 ,740.00 ,60.60 ,234.60 ,1837.60 ,282.60 ,348.80 ,200.00 ,208.80 ,693.60 ,1090.80 ,337.60 ,26.40 ,25.20 ,648.00 ,1320.00 ,337.20 ,24.00 ,172.80 ,134.40 ,300.00 ,894.00 ,140.40 ,653.70 ,845.40 ,722.10 ,62.25 ,350.40 ,62.80 ,608.50 ,287.40 ,179.10 ,238.20 ,124.50 ,435.60 ,339.00 ,281.70 ,375.60 ,341.70 ,333.00 ,426.60 ,148.20 ,229.50 ,103.80 ,158.10 ,313.20 ,344.40 ,872.40 ,674.40 ,230.70 ,111.90 ,928.20 ,139.80 ,1021.80 ,302.10 ,552.30 ,452.10 ,1403.10 ,418.00 ,160.80 ,164.70 ,260.40 ,396.60 ,294.00 ,233.40 ,423.60 ,196.80 ,189.90 ,212.40 ,107.00 ,363.60 ,169.00 ,86.10 ,305.40 ,1098.00 ,675.00 ,4411.20 ,903.90 ,369.30 ,96.30 ,9248.91 
2020/6/13,151.80 ,90.60 ,161.70 ,179.10 ,278.80 ,400.20 ,783.60 ,387.90 ,113.10 ,189.30 ,351.60 ,310.20 ,3.90 ,3385.80 ,734.40 ,621.20 ,1043.60 ,544.20 ,347.10 ,237.90 ,431.40 ,381.30 ,936.60 ,252.00 ,1036.80 ,536.40 ,316.80 ,360.90 ,309.60 ,264.30 ,215.40 ,519.00 ,869.80 ,15.60 ,3264.00 ,2501.60 ,2304.00 ,7650.00 ,148.95 ,281.40 ,1446.00 ,609.15 ,0.30 ,3132.00 ,20.50 ,3840.00 ,730.00 ,24.80 ,1477.80 ,0.02 ,376.95 ,1.54 ,661.20 ,3258.00 ,687.20 ,304.00 ,42.30 ,700.00 ,52.35 ,80.55 ,1228.80 ,91.20 ,240.80 ,200.80 ,231.90 ,651.60 ,1024.80 ,341.60 ,16.40 ,20.70 ,732.00 ,1472.00 ,214.05 ,888.00 ,196.00 ,110.70 ,342.00 ,828.00 ,268.80 ,824.10 ,972.60 ,805.20 ,70.50 ,425.40 ,73.70 ,673.50 ,273.00 ,244.50 ,260.10 ,916.50 ,513.20 ,406.50 ,361.80 ,342.60 ,402.90 ,336.60 ,480.30 ,170.40 ,258.00 ,121.80 ,205.50 ,403.80 ,395.40 ,1022.40 ,711.60 ,261.60 ,115.80 ,910.20 ,168.00 ,1062.60 ,345.30 ,767.70 ,566.40 ,1448.10 ,286.00 ,157.50 ,211.50 ,337.80 ,421.80 ,316.80 ,211.50 ,506.40 ,243.90 ,238.80 ,253.20 ,123.00 ,399.90 ,235.00 ,95.70 ,353.40 ,1002.30 ,580.80 ,4137.60 ,1029.30 ,423.90 ,125.70 ,11267.70 
2020/6/14,157.20 ,88.50 ,171.00 ,225.60 ,313.60 ,391.80 ,979.20 ,385.20 ,117.60 ,196.80 ,358.50 ,345.30 ,3.90 ,3416.40 ,679.20 ,648.00 ,1244.40 ,260.10 ,430.50 ,269.10 ,500.70 ,480.30 ,991.80 ,233.40 ,854.40 ,427.20 ,302.40 ,365.70 ,1174.20 ,280.50 ,222.60 ,520.50 ,887.60 ,14.40 ,3416.00 ,2679.20 ,2448.00 ,5460.00 ,146.25 ,306.60 ,1501.60 ,663.60 ,0.15 ,2820.00 ,15.50 ,1962.00 ,66.30 ,36.80 ,1705.50 ,3109.20 ,424.35 ,5.80 ,6.86 ,3432.00 ,912.00 ,68.00 ,35.40 ,585.60 ,67.05 ,80.55 ,1570.40 ,322.80 ,201.60 ,188.80 ,54.30 ,706.80 ,1320.60 ,373.60 ,20.40 ,25.50 ,600.00 ,1440.00 ,303.60 ,966.00 ,200.00 ,147.00 ,702.00 ,870.00 ,128.40 ,797.40 ,1084.50 ,818.70 ,104.40 ,338.70 ,84.00 ,745.00 ,307.20 ,202.80 ,286.50 ,306.50 ,564.80 ,460.20 ,425.70 ,399.00 ,517.50 ,407.40 ,421.20 ,233.10 ,261.90 ,120.60 ,219.60 ,448.80 ,406.80 ,872.40 ,788.40 ,249.60 ,189.30 ,898.80 ,186.00 ,1259.10 ,351.00 ,798.00 ,621.60 ,1599.90 ,348.80 ,177.60 ,243.00 ,464.40 ,494.40 ,439.50 ,229.50 ,639.60 ,249.00 ,279.90 ,233.40 ,132.00 ,443.70 ,248.00 ,109.20 ,505.20 ,1023.30 ,580.80 ,4004.80 ,1022.10 ,453.30 ,107.40 ,12386.04 
2020/6/15,164.40 ,103.50 ,165.00 ,204.30 ,337.60 ,384.30 ,832.80 ,390.30 ,116.70 ,193.80 ,373.80 ,344.10 ,3.90 ,4021.80 ,774.00 ,946.80 ,1174.00 ,259.20 ,423.90 ,305.40 ,477.45 ,479.10 ,975.60 ,258.60 ,1044.00 ,512.40 ,346.80 ,371.10 ,729.60 ,257.40 ,213.90 ,459.90 ,889.40 ,13.50 ,3392.00 ,2684.80 ,1572.00 ,4770.00 ,136.35 ,327.90 ,1549.60 ,639.45 ,0.30 ,2676.00 ,13.50 ,3606.00 ,198.40 ,36.80 ,1700.70 ,0.02 ,411.15 ,1.61 ,736.20 ,3534.00 ,832.80 ,340.80 ,48.00 ,752.80 ,54.90 ,351.45 ,1416.00 ,329.40 ,79.20 ,205.60 ,172.95 ,703.80 ,1277.40 ,363.20 ,24.40 ,19.50 ,384.00 ,1184.00 ,285.90 ,1464.00 ,192.80 ,117.00 ,2064.00 ,960.00 ,130.80 ,878.10 ,1183.20 ,856.80 ,91.20 ,223.20 ,93.50 ,747.00 ,327.60 ,225.00 ,273.60 ,46.50 ,578.80 ,483.00 ,405.30 ,393.00 ,444.90 ,397.20 ,389.70 ,234.00 ,274.20 ,107.10 ,217.20 ,428.40 ,417.00 ,852.00 ,812.40 ,241.20 ,202.50 ,1116.00 ,196.80 ,1263.60 ,350.70 ,757.80 ,563.10 ,1779.90 ,367.60 ,177.00 ,225.30 ,318.00 ,528.60 ,477.00 ,222.30 ,587.40 ,222.30 ,288.30 ,258.30 ,129.00 ,433.50 ,235.00 ,105.00 ,512.40 ,1263.30 ,597.00 ,3889.60 ,1025.10 ,488.70 ,111.60 ,11721.65 
2020/6/16,169.80 ,101.10 ,162.60 ,219.00 ,389.20 ,394.50 ,925.60 ,422.40 ,155.70 ,210.60 ,404.70 ,377.10 ,4.20 ,4140.60 ,547.20 ,1074.80 ,1218.40 ,260.40 ,365.10 ,313.20 ,503.85 ,501.30 ,1091.40 ,259.80 ,1264.80 ,651.60 ,411.60 ,375.60 ,332.40 ,413.40 ,253.50 ,567.60 ,890.40 ,16.20 ,1656.00 ,2645.60 ,1536.00 ,5470.00 ,170.70 ,318.60 ,1573.20 ,608.70 ,0.15 ,1044.00 ,10.00 ,3678.00 ,0.00 ,44.80 ,1685.40 ,3423.60 ,333.00 ,3.40 ,6.90 ,2832.00 ,844.00 ,314.40 ,33.90 ,745.60 ,89.55 ,404.10 ,8.00 ,287.40 ,131.20 ,211.20 ,242.55 ,665.40 ,885.60 ,371.20 ,21.60 ,14.40 ,654.00 ,312.00 ,102.15 ,1446.00 ,228.00 ,123.30 ,702.00 ,1008.00 ,272.40 ,904.50 ,1206.90 ,813.00 ,117.90 ,359.70 ,103.60 ,727.00 ,317.40 ,214.20 ,297.30 ,198.00 ,610.40 ,511.20 ,397.20 ,364.20 ,441.30 ,402.00 ,422.40 ,233.40 ,303.90 ,125.70 ,293.10 ,447.30 ,430.20 ,841.20 ,823.20 ,251.70 ,198.00 ,1193.40 ,210.60 ,1407.60 ,360.00 ,834.30 ,615.30 ,1933.50 ,362.40 ,178.50 ,247.80 ,390.00 ,540.00 ,508.80 ,243.60 ,600.00 ,223.80 ,283.20 ,245.70 ,135.00 ,442.80 ,246.00 ,102.90 ,481.20 ,1064.10 ,585.00 ,3924.00 ,1134.60 ,466.80 ,112.80 ,12424.31 
2020/6/17,185.10 ,100.50 ,155.70 ,228.60 ,389.20 ,429.00 ,990.80 ,419.40 ,139.80 ,208.80 ,393.30 ,358.20 ,3.90 ,4414.80 ,598.80 ,1108.00 ,1241.20 ,277.80 ,306.30 ,318.30 ,520.95 ,516.00 ,993.00 ,213.00 ,1245.60 ,589.20 ,381.60 ,336.60 ,1126.20 ,291.90 ,207.90 ,650.70 ,896.00 ,14.70 ,2888.00 ,2650.40 ,1764.00 ,7780.00 ,155.55 ,331.20 ,1411.60 ,740.55 ,0.15 ,2820.00 ,16.00 ,2160.00 ,72.00 ,44.00 ,1735.20 ,0.01 ,445.80 ,2.31 ,772.50 ,3930.00 ,757.60 ,336.80 ,44.40 ,750.40 ,72.15 ,424.20 ,8.80 ,340.80 ,272.00 ,210.40 ,51.45 ,700.80 ,298.20 ,344.80 ,8.80 ,28.20 ,570.00 ,176.00 ,153.45 ,1236.00 ,236.00 ,127.20 ,2166.00 ,1044.00 ,312.60 ,844.20 ,1303.80 ,881.70 ,128.40 ,373.80 ,97.20 ,723.00 ,297.00 ,197.10 ,246.30 ,963.50 ,636.00 ,541.80 ,414.00 ,361.20 ,417.30 ,424.80 ,376.50 ,231.30 ,276.30 ,99.00 ,248.10 ,464.10 ,391.20 ,859.80 ,750.00 ,209.40 ,169.20 ,1825.20 ,220.80 ,1515.60 ,315.90 ,856.20 ,609.60 ,1918.50 ,314.00 ,150.90 ,256.20 ,355.80 ,567.00 ,521.40 ,268.20 ,636.60 ,212.70 ,201.30 ,215.40 ,150.00 ,431.10 ,238.00 ,106.20 ,458.40 ,1097.40 ,523.20 ,3797.60 ,1118.40 ,504.30 ,101.70 ,13452.69 
2020/6/18,158.10 ,65.40 ,151.80 ,198.90 ,340.80 ,396.90 ,958.40 ,329.70 ,120.60 ,184.80 ,348.30 ,267.60 ,3.90 ,4003.20 ,519.60 ,886.40 ,1092.80 ,266.70 ,285.00 ,269.10 ,409.50 ,429.00 ,961.80 ,201.60 ,988.80 ,454.80 ,324.00 ,283.80 ,1332.60 ,312.30 ,157.20 ,564.00 ,889.40 ,15.00 ,3312.00 ,2628.80 ,3276.00 ,6870.00 ,149.40 ,316.20 ,1180.80 ,686.40 ,0.15 ,2844.00 ,20.00 ,4620.00 ,140.10 ,55.20 ,1505.70 ,3139.20 ,413.55 ,3.20 ,6.21 ,3240.00 ,618.40 ,76.80 ,31.20 ,857.60 ,73.35 ,296.10 ,4.00 ,273.60 ,404.80 ,231.20 ,181.05 ,695.40 ,670.20 ,296.80 ,13.60 ,24.00 ,564.00 ,232.00 ,222.15 ,1020.00 ,182.40 ,185.40 ,612.00 ,1344.00 ,90.00 ,762.00 ,1050.60 ,789.60 ,104.25 ,216.60 ,85.20 ,552.50 ,306.60 ,183.30 ,217.20 ,460.50 ,529.20 ,428.40 ,360.30 ,292.20 ,340.20 ,404.40 ,362.10 ,235.80 ,212.70 ,92.70 ,238.80 ,389.40 ,316.20 ,929.40 ,661.20 ,186.30 ,156.00 ,1212.60 ,175.80 ,1736.70 ,265.50 ,728.10 ,470.10 ,1716.00 ,260.40 ,125.70 ,189.90 ,292.20 ,468.00 ,431.70 ,220.80 ,552.00 ,208.50 ,176.10 ,201.00 ,129.00 ,391.20 ,200.00 ,109.80 ,403.80 ,964.80 ,531.00 ,4129.60 ,1019.70 ,501.90 ,106.20 ,11300.70 
2020/6/19,155.40 ,69.90 ,126.30 ,160.20 ,292.80 ,379.80 ,799.20 ,305.40 ,102.90 ,169.50 ,293.10 ,259.50 ,3.90 ,3421.20 ,650.40 ,729.20 ,1007.20 ,235.50 ,321.30 ,216.30 ,367.80 ,384.00 ,941.40 ,262.20 ,799.20 ,381.60 ,272.40 ,328.80 ,822.60 ,234.60 ,219.00 ,485.40 ,805.20 ,17.70 ,2992.00 ,2692.80 ,3192.00 ,4010.00 ,121.80 ,280.80 ,1329.20 ,631.50 ,0.30 ,2268.00 ,13.00 ,3276.00 ,960.00 ,28.00 ,1488.00 ,0.02 ,469.35 ,2.16 ,715.80 ,3804.00 ,584.80 ,348.00 ,21.60 ,794.40 ,72.60 ,165.30 ,4.00 ,295.80 ,322.40 ,222.40 ,174.30 ,690.60 ,1266.00 ,332.80 ,17.20 ,11.10 ,486.00 ,160.00 ,78.75 ,312.00 ,168.00 ,139.20 ,852.00 ,1386.00 ,154.80 ,753.90 ,875.70 ,628.20 ,99.45 ,383.70 ,77.90 ,640.50 ,241.80 ,204.30 ,265.50 ,30.00 ,453.60 ,362.10 ,304.20 ,328.80 ,341.40 ,358.20 ,446.40 ,174.30 ,261.30 ,111.90 ,192.60 ,344.10 ,391.80 ,780.00 ,667.20 ,208.20 ,125.70 ,1032.00 ,152.40 ,1612.80 ,321.60 ,577.20 ,482.10 ,1541.70 ,440.00 ,159.00 ,169.50 ,280.80 ,414.00 ,300.00 ,270.60 ,475.80 ,183.90 ,241.80 ,253.20 ,115.00 ,351.30 ,188.00 ,109.80 ,319.20 ,855.90 ,595.80 ,4124.00 ,963.60 ,496.80 ,115.20 ,10647.40 
2020/6/20,195.90 ,101.10 ,178.20 ,223.50 ,334.80 ,455.40 ,904.00 ,356.40 ,104.10 ,164.40 ,362.70 ,291.60 ,3.90 ,3568.20 ,568.80 ,582.00 ,1273.20 ,272.40 ,366.60 ,267.90 ,430.20 ,486.30 ,1059.00 ,298.20 ,823.20 ,390.00 ,294.00 ,396.90 ,970.20 ,265.50 ,230.70 ,596.40 ,794.00 ,15.90 ,568.00 ,2772.80 ,1116.00 ,3410.00 ,141.75 ,240.30 ,1492.80 ,681.60 ,0.15 ,276.00 ,27.50 ,3120.00 ,67.50 ,20.00 ,1570.20 ,2596.20 ,437.55 ,2.80 ,5.40 ,3372.00 ,617.60 ,191.20 ,24.60 ,704.00 ,88.80 ,273.30 ,3.20 ,82.80 ,268.00 ,223.20 ,6.90 ,740.40 ,576.60 ,370.40 ,12.00 ,24.90 ,582.00 ,176.00 ,69.30 ,12.00 ,171.20 ,135.90 ,324.00 ,1062.00 ,223.80 ,792.30 ,1022.70 ,526.80 ,118.35 ,246.60 ,92.10 ,737.50 ,258.00 ,246.60 ,297.00 ,66.00 ,558.00 ,441.60 ,387.60 ,385.20 ,421.20 ,391.80 ,482.40 ,243.90 ,334.80 ,134.70 ,209.40 ,435.00 ,522.60 ,813.60 ,780.00 ,238.50 ,137.70 ,1022.40 ,189.60 ,1535.70 ,364.20 ,662.10 ,590.10 ,1638.90 ,483.20 ,175.50 ,233.70 ,350.40 ,469.20 ,351.60 ,282.00 ,528.00 ,223.80 ,288.90 ,278.10 ,141.00 ,426.60 ,227.00 ,136.20 ,385.80 ,1012.80 ,675.60 ,4507.20 ,1184.70 ,564.00 ,126.90 ,11507.35 
2020/6/21,192.30 ,111.60 ,163.20 ,272.40 ,385.20 ,489.30 ,1133.60 ,412.80 ,129.00 ,208.50 ,376.80 ,374.70 ,4.20 ,4161.00 ,603.60 ,633.60 ,1406.40 ,304.80 ,399.90 ,310.50 ,513.30 ,560.10 ,1049.40 ,280.80 ,710.40 ,372.00 ,277.20 ,401.40 ,1252.80 ,302.10 ,233.40 ,575.10 ,904.20 ,18.90 ,1992.00 ,2963.20 ,1956.00 ,110.00 ,152.10 ,351.90 ,1490.80 ,768.15 ,0.15 ,192.00 ,21.00 ,42.00 ,198.40 ,26.40 ,1760.40 ,0.01 ,380.70 ,1.37 ,876.90 ,3258.00 ,857.60 ,448.00 ,18.60 ,847.20 ,89.85 ,105.60 ,4.80 ,282.00 ,141.60 ,189.60 ,15.00 ,623.40 ,409.80 ,404.80 ,12.00 ,19.50 ,600.00 ,192.00 ,95.55 ,1080.00 ,192.00 ,166.20 ,96.00 ,876.00 ,242.40 ,824.40 ,1117.20 ,889.50 ,133.05 ,290.70 ,114.10 ,739.50 ,297.60 ,234.00 ,332.10 ,23.50 ,705.20 ,503.10 ,433.50 ,480.60 ,459.00 ,440.40 ,552.30 ,251.40 ,345.90 ,131.10 ,225.00 ,457.80 ,543.60 ,931.80 ,849.60 ,249.00 ,217.50 ,1024.20 ,216.00 ,1991.10 ,379.50 ,762.30 ,684.60 ,1578.90 ,275.20 ,198.60 ,291.30 ,396.00 ,531.00 ,437.10 ,275.70 ,583.20 ,222.30 ,303.30 ,317.10 ,178.00 ,466.50 ,263.00 ,143.40 ,396.60 ,1342.50 ,748.20 ,4664.80 ,1314.90 ,547.50 ,119.70 ,12245.12 
2020/6/22,204.30 ,119.40 ,192.60 ,273.60 ,397.20 ,442.80 ,1094.80 ,451.50 ,137.40 ,213.00 ,454.50 ,381.00 ,3.90 ,4770.60 ,584.40 ,1008.80 ,1418.40 ,326.40 ,318.00 ,315.90 ,559.35 ,533.40 ,1065.60 ,210.00 ,888.00 ,469.20 ,320.40 ,321.90 ,915.60 ,302.40 ,188.40 ,578.10 ,929.00 ,16.80 ,2648.00 ,2917.60 ,1392.00 ,200.00 ,165.45 ,314.70 ,1363.60 ,800.40 ,0.15 ,180.00 ,21.00 ,1068.00 ,0.00 ,28.80 ,1804.20 ,2953.80 ,395.85 ,3.60 ,7.20 ,1920.00 ,612.00 ,429.60 ,23.40 ,760.80 ,98.40 ,396.15 ,7.20 ,326.40 ,123.20 ,242.40 ,184.50 ,587.40 ,1125.00 ,320.00 ,20.80 ,34.20 ,438.00 ,192.00 ,165.15 ,882.00 ,223.20 ,125.40 ,336.00 ,996.00 ,80.40 ,894.90 ,1212.00 ,925.50 ,129.60 ,263.70 ,108.00 ,656.50 ,330.60 ,202.50 ,267.90 ,109.00 ,643.60 ,547.20 ,445.50 ,363.60 ,461.40 ,469.20 ,408.30 ,257.10 ,277.80 ,99.90 ,267.30 ,444.90 ,369.60 ,1053.60 ,686.40 ,202.80 ,197.40 ,1275.00 ,270.00 ,2105.70 ,288.60 ,830.40 ,649.50 ,1961.10 ,291.20 ,156.30 ,278.10 ,563.40 ,570.00 ,496.20 ,227.10 ,634.80 ,254.70 ,217.50 ,231.60 ,149.00 ,480.00 ,286.00 ,114.00 ,481.20 ,1456.50 ,582.00 ,4623.20 ,1356.00 ,589.50 ,96.00 ,14427.08 
2020/6/23,163.20 ,89.40 ,158.40 ,227.40 ,304.00 ,395.70 ,967.60 ,318.60 ,117.90 ,167.70 ,361.50 ,264.00 ,3.90 ,4378.80 ,412.80 ,847.60 ,1086.40 ,251.40 ,267.60 ,204.30 ,470.55 ,431.10 ,1055.40 ,195.60 ,979.20 ,495.60 ,321.60 ,272.40 ,1593.00 ,257.10 ,172.50 ,378.60 ,883.60 ,1.80 ,1824.00 ,2755.20 ,1380.00 ,270.00 ,131.25 ,286.50 ,1027.60 ,625.80 ,0.30 ,2124.00 ,18.00 ,1938.00 ,60.00 ,25.60 ,1641.90 ,0.02 ,543.90 ,1.30 ,798.30 ,4764.00 ,563.20 ,112.00 ,19.50 ,834.40 ,99.00 ,349.95 ,4.00 ,311.40 ,19.20 ,214.40 ,105.45 ,681.00 ,1119.60 ,275.20 ,14.00 ,15.90 ,444.00 ,176.00 ,13.05 ,1242.00 ,215.20 ,151.20 ,1524.00 ,942.00 ,331.80 ,685.20 ,949.50 ,717.00 ,101.10 ,117.90 ,83.60 ,502.50 ,249.60 ,195.60 ,222.90 ,17.50 ,496.00 ,407.10 ,341.10 ,324.60 ,366.30 ,402.60 ,264.30 ,217.80 ,193.20 ,109.80 ,191.70 ,345.00 ,299.40 ,530.40 ,592.80 ,177.30 ,141.00 ,1099.20 ,173.40 ,1493.70 ,246.00 ,685.80 ,562.50 ,1583.10 ,246.80 ,122.70 ,207.60 ,468.60 ,467.40 ,364.50 ,196.20 ,534.60 ,199.20 ,177.90 ,196.80 ,116.00 ,378.90 ,232.00 ,104.10 ,374.40 ,1047.30 ,321.00 ,4317.60 ,1042.20 ,463.50 ,105.60 ,10784.94 
2020/6/24,117.60 ,72.60 ,133.80 ,223.80 ,286.80 ,370.50 ,938.80 ,285.90 ,101.40 ,138.30 ,300.30 ,225.00 ,4.50 ,3288.60 ,320.40 ,713.60 ,961.20 ,221.70 ,245.10 ,186.30 ,362.40 ,351.30 ,932.40 ,240.60 ,1029.60 ,507.60 ,325.20 ,293.10 ,985.80 ,239.70 ,189.60 ,330.60 ,812.40 ,0.60 ,3936.00 ,2837.60 ,1836.00 ,450.00 ,113.55 ,229.80 ,959.20 ,481.95 ,0.30 ,2328.00 ,4.50 ,2034.00 ,139.50 ,18.40 ,1397.10 ,3287.40 ,452.85 ,4.20 ,6.23 ,4134.00 ,392.80 ,42.40 ,38.40 ,41.60 ,102.75 ,165.90 ,2.40 ,65.40 ,4.00 ,161.60 ,190.80 ,588.60 ,1344.00 ,22.40 ,11.20 ,8.70 ,42.00 ,232.00 ,36.60 ,1152.00 ,127.20 ,11.10 ,2076.00 ,1086.00 ,247.80 ,607.80 ,795.30 ,642.60 ,85.05 ,51.60 ,69.70 ,451.00 ,196.20 ,198.60 ,247.20 ,406.00 ,418.00 ,331.80 ,270.30 ,214.80 ,319.80 ,392.40 ,335.70 ,183.90 ,219.90 ,99.60 ,181.20 ,298.20 ,297.00 ,304.80 ,630.00 ,174.00 ,115.80 ,1037.40 ,152.40 ,870.00 ,253.20 ,523.50 ,475.20 ,1253.70 ,303.60 ,135.90 ,156.30 ,351.00 ,408.00 ,272.70 ,197.40 ,460.20 ,184.80 ,211.20 ,182.10 ,112.00 ,333.00 ,192.00 ,85.80 ,303.00 ,814.80 ,167.40 ,4750.40 ,814.50 ,447.00 ,105.00 ,7808.19 
2020/6/25,117.60 ,95.40 ,143.10 ,228.00 ,334.40 ,382.20 ,970.40 ,308.70 ,144.60 ,150.30 ,359.40 ,249.00 ,3.90 ,2787.00 ,339.60 ,466.40 ,932.00 ,247.80 ,279.60 ,177.90 ,396.00 ,410.70 ,871.20 ,201.00 ,933.60 ,421.20 ,296.40 ,282.30 ,60.00 ,257.40 ,167.40 ,363.30 ,636.60 ,0.90 ,4296.00 ,2956.80 ,2388.00 ,2720.00 ,111.75 ,221.10 ,1006.40 ,500.70 ,0.45 ,3036.00 ,12.50 ,936.00 ,910.00 ,11.20 ,1409.40 ,0.01 ,133.65 ,1.30 ,541.80 ,3192.00 ,391.20 ,288.80 ,8.70 ,60.00 ,22.80 ,67.80 ,4.00 ,344.40 ,40.00 ,7.20 ,3.60 ,405.00 ,4.80 ,166.40 ,6.80 ,9.00 ,594.00 ,216.00 ,6.30 ,18.00 ,47.20 ,139.80 ,1170.00 ,1008.00 ,35.40 ,418.20 ,888.60 ,458.10 ,94.95 ,191.70 ,73.80 ,460.50 ,115.20 ,233.70 ,243.60 ,184.00 ,428.40 ,391.80 ,300.60 ,255.00 ,348.30 ,427.20 ,314.70 ,202.20 ,183.00 ,86.40 ,217.80 ,363.00 ,255.60 ,901.80 ,619.20 ,176.40 ,104.70 ,657.00 ,180.60 ,706.50 ,221.40 ,429.60 ,394.20 ,844.50 ,254.40 ,117.00 ,169.20 ,279.00 ,355.80 ,261.90 ,223.80 ,412.20 ,183.90 ,179.70 ,189.90 ,116.00 ,368.40 ,207.00 ,94.80 ,322.80 ,801.30 ,568.20 ,3232.80 ,676.80 ,533.70 ,98.10 ,5038.66 
2020/6/26,117.30 ,76.20 ,148.80 ,212.70 ,277.20 ,412.20 ,843.60 ,269.40 ,109.50 ,121.80 ,355.80 ,243.90 ,3.90 ,2938.80 ,615.60 ,490.40 ,906.80 ,206.70 ,342.90 ,178.20 ,352.50 ,311.10 ,981.60 ,239.40 ,844.80 ,406.80 ,288.00 ,344.40 ,393.60 ,227.40 ,204.00 ,393.90 ,665.40 ,0.90 ,3400.00 ,2714.40 ,1632.00 ,2940.00 ,125.40 ,255.60 ,1266.80 ,504.15 ,0.30 ,2352.00 ,15.00 ,3702.00 ,54.30 ,13.60 ,1347.60 ,3300.00 ,138.90 ,0.20 ,5.82 ,3096.00 ,696.00 ,80.80 ,51.30 ,724.80 ,88.65 ,69.75 ,1.60 ,322.20 ,296.00 ,183.20 ,6.90 ,421.80 ,364.80 ,286.40 ,13.60 ,8.70 ,798.00 ,192.00 ,6.90 ,684.00 ,116.00 ,173.40 ,330.00 ,846.00 ,157.20 ,659.70 ,790.50 ,347.70 ,84.00 ,110.40 ,60.70 ,565.50 ,107.40 ,324.60 ,261.90 ,145.50 ,435.60 ,376.50 ,271.20 ,337.80 ,350.10 ,392.40 ,333.90 ,183.00 ,262.20 ,102.00 ,176.40 ,322.50 ,358.80 ,795.00 ,694.80 ,215.70 ,121.50 ,856.20 ,160.80 ,906.90 ,299.10 ,400.80 ,438.60 ,1068.30 ,270.40 ,147.00 ,161.40 ,304.20 ,339.00 ,280.80 ,216.00 ,411.60 ,172.20 ,209.10 ,205.80 ,106.00 ,313.80 ,178.00 ,87.90 ,298.20 ,728.10 ,720.60 ,3942.40 ,814.20 ,466.80 ,107.40 ,5928.56 
2020/6/27,150.90 ,96.90 ,177.60 ,208.20 ,342.80 ,467.70 ,848.80 ,343.80 ,112.50 ,178.20 ,387.00 ,341.10 ,3.90 ,3484.80 ,554.40 ,522.80 ,1082.00 ,245.10 ,357.30 ,334.80 ,461.25 ,419.40 ,1009.20 ,247.20 ,1070.40 ,484.80 ,319.20 ,375.60 ,1442.40 ,234.60 ,261.60 ,546.00 ,888.40 ,14.10 ,2968.00 ,1851.20 ,1272.00 ,6720.00 ,141.60 ,323.70 ,1407.60 ,568.20 ,0.30 ,2952.00 ,19.00 ,1434.00 ,199.20 ,17.60 ,1584.60 ,0.02 ,325.95 ,1.58 ,796.50 ,3180.00 ,819.20 ,334.40 ,40.50 ,792.00 ,87.45 ,72.30 ,821.60 ,379.20 ,92.80 ,189.60 ,217.05 ,679.80 ,1598.40 ,350.40 ,11.20 ,17.40 ,738.00 ,272.00 ,99.45 ,702.00 ,207.20 ,143.40 ,510.00 ,894.00 ,130.80 ,797.70 ,955.20 ,626.40 ,101.25 ,256.20 ,83.10 ,613.00 ,165.60 ,492.90 ,276.60 ,273.50 ,524.00 ,440.40 ,339.60 ,367.80 ,375.90 ,392.40 ,370.50 ,199.20 ,324.30 ,99.00 ,236.70 ,396.90 ,385.80 ,720.60 ,754.80 ,217.80 ,177.90 ,974.40 ,211.80 ,1393.20 ,293.40 ,674.70 ,491.70 ,1427.70 ,222.80 ,160.80 ,222.30 ,323.40 ,430.80 ,341.70 ,217.80 ,496.80 ,219.90 ,214.20 ,237.00 ,136.00 ,394.50 ,248.00 ,97.20 ,389.40 ,1096.80 ,698.40 ,4180.80 ,1020.60 ,502.50 ,115.20 ,8699.26 
2020/6/28,166.20 ,116.70 ,165.90 ,222.30 ,339.60 ,461.40 ,886.80 ,376.50 ,111.30 ,183.90 ,367.50 ,370.20 ,4.80 ,4237.20 ,558.00 ,802.00 ,1128.40 ,263.40 ,353.10 ,327.00 ,512.55 ,495.90 ,1026.00 ,247.80 ,787.20 ,403.20 ,253.20 ,366.90 ,458.40 ,255.00 ,246.30 ,626.70 ,898.40 ,12.90 ,2808.00 ,2292.00 ,1044.00 ,6290.00 ,133.50 ,300.00 ,1446.00 ,607.05 ,0.15 ,2820.00 ,7.50 ,3318.00 ,0.00 ,35.20 ,1577.70 ,3193.20 ,403.95 ,0.20 ,5.97 ,3390.00 ,847.20 ,194.40 ,29.40 ,740.80 ,98.55 ,315.45 ,1496.00 ,339.60 ,185.60 ,146.40 ,277.65 ,722.40 ,1237.80 ,346.40 ,12.40 ,19.80 ,720.00 ,360.00 ,208.65 ,18.00 ,216.00 ,177.90 ,1536.00 ,870.00 ,272.40 ,884.40 ,1042.80 ,716.10 ,97.65 ,194.40 ,90.10 ,657.00 ,238.80 ,495.30 ,269.10 ,192.50 ,584.40 ,519.60 ,378.30 ,378.60 ,357.00 ,408.60 ,383.70 ,197.40 ,296.70 ,115.50 ,270.90 ,419.70 ,360.00 ,670.80 ,777.60 ,231.00 ,174.90 ,1203.00 ,244.80 ,1814.10 ,315.90 ,734.70 ,547.50 ,1677.60 ,328.40 ,159.30 ,234.30 ,276.00 ,456.00 ,404.40 ,237.90 ,523.20 ,217.20 ,235.80 ,225.60 ,122.00 ,492.60 ,266.00 ,98.10 ,406.80 ,958.80 ,683.40 ,4245.60 ,1053.90 ,513.90 ,112.50 ,10270.20 
2020/6/29,165.00 ,104.70 ,168.00 ,239.70 ,359.20 ,430.20 ,987.20 ,382.50 ,106.50 ,195.60 ,398.10 ,321.90 ,3.90 ,4234.80 ,572.40 ,880.00 ,1176.80 ,273.60 ,341.70 ,300.00 ,558.60 ,517.80 ,1068.00 ,220.20 ,823.20 ,404.40 ,295.20 ,302.70 ,949.20 ,267.30 ,202.80 ,650.70 ,929.80 ,14.10 ,3048.00 ,2632.00 ,1692.00 ,2900.00 ,145.95 ,291.60 ,1301.60 ,614.25 ,0.30 ,2544.00 ,14.50 ,4620.00 ,72.00 ,56.80 ,1633.20 ,0.02 ,468.75 ,1.27 ,758.40 ,3372.00 ,820.00 ,280.80 ,42.60 ,849.60 ,89.10 ,331.35 ,576.80 ,408.60 ,305.60 ,240.00 ,265.80 ,732.00 ,1059.60 ,345.60 ,15.20 ,20.10 ,450.00 ,1184.00 ,43.65 ,576.00 ,208.80 ,143.70 ,1386.00 ,1062.00 ,171.60 ,766.80 ,1074.30 ,610.20 ,101.10 ,101.70 ,94.10 ,656.00 ,234.60 ,468.90 ,244.80 ,339.00 ,529.20 ,408.90 ,365.40 ,356.40 ,369.00 ,397.80 ,328.20 ,237.30 ,277.20 ,106.20 ,250.80 ,418.80 ,315.60 ,651.60 ,676.80 ,189.30 ,171.60 ,1173.60 ,241.20 ,1986.90 ,281.70 ,775.80 ,570.30 ,1779.60 ,229.60 ,136.80 ,243.30 ,292.80 ,518.40 ,423.30 ,216.00 ,515.40 ,224.10 ,173.70 ,213.00 ,128.00 ,493.20 ,243.00 ,109.50 ,387.60 ,1254.60 ,734.40 ,4180.00 ,1113.90 ,495.60 ,100.80 ,11218.89 
2020/6/30,147.30 ,98.40 ,148.20 ,248.70 ,286.80 ,401.10 ,993.60 ,312.90 ,108.00 ,157.20 ,342.90 ,298.80 ,4.20 ,3930.00 ,367.20 ,822.80 ,1051.20 ,251.70 ,303.90 ,269.10 ,521.55 ,480.00 ,962.40 ,181.20 ,1068.00 ,481.20 ,366.00 ,259.20 ,1350.00 ,259.80 ,186.30 ,587.10 ,897.00 ,11.10 ,3912.00 ,2565.60 ,3432.00 ,2040.00 ,137.70 ,247.20 ,1160.40 ,560.85 ,0.15 ,1164.00 ,17.00 ,2226.00 ,138.90 ,28.80 ,1549.20 ,2661.00 ,348.90 ,0.20 ,0.29 ,3270.00 ,771.20 ,441.60 ,0.00 ,820.00 ,74.85 ,324.30 ,734.40 ,348.60 ,263.20 ,221.60 ,46.20 ,742.80 ,2030.40 ,304.00 ,10.40 ,19.20 ,492.00 ,1472.00 ,97.35 ,726.00 ,174.40 ,165.60 ,360.00 ,942.00 ,140.40 ,692.40 ,969.60 ,587.70 ,108.30 ,84.30 ,78.30 ,571.50 ,217.80 ,460.50 ,231.60 ,162.00 ,501.20 ,369.60 ,338.70 ,288.60 ,329.10 ,408.60 ,282.60 ,234.30 ,204.30 ,79.50 ,210.60 ,335.10 ,272.40 ,636.60 ,639.60 ,176.10 ,143.10 ,1013.40 ,238.20 ,1974.60 ,225.30 ,745.20 ,479.10 ,1565.40 ,245.60 ,129.60 ,199.20 ,267.00 ,465.00 ,334.50 ,176.40 ,475.20 ,212.10 ,180.60 ,191.70 ,113.00 ,505.20 ,194.00 ,99.60 ,342.60 ,1038.90 ,577.80 ,4486.40 ,1026.60 ,458.40 ,98.70 ,10597.28 
